"";"x";"freq"
"1";"0";2
"2";"0-1";3
"3";"000";1
"4";"0574-59952097";2
"5";"1";174
"6";"1-2";4
"7";"1-3";1
"8";"1.";143
"9";"1.3";1
"10";"1.5";1
"11";"10";10
"12";"10-12";1
"13";"10.";15
"14";"11";7
"15";"11.";7
"16";"12";3
"17";"12.";7
"18";"12.60";1
"19";"13";5
"20";"13.";1
"21";"13917391897";1
"22";"14";1
"23";"15";2
"24";"173";2
"25";"18";3
"26";"2";189
"27";"2-3";3
"28";"2-5";5
"29";"2.";134
"30";"2.2";3
"31";"20";2
"32";"2000";2
"33";"2003";1
"34";"2003.";1
"35";"2005";1
"36";"2007";1
"37";"2008";1
"38";"2011";2
"39";"2013";2
"40";"2015";1
"41";"2016";16
"42";"2017";4
"43";"2018";5
"44";"21";1
"45";"2107";2
"46";"211";3
"47";"28";2
"48";"3";198
"49";"3-4";2
"50";"3-5";16
"51";"3.";129
"52";"31";1
"53";"35";2
"54";"360";1
"55";"365";24
"56";"4";127
"57";"4-5";1
"58";"4.";105
"59";"40";1
"60";"400";1
"61";"5";125
"62";"5-10";2
"63";"5.";80
"64";"50";2
"65";"500";1
"66";"500-";1
"67";"520";1
"68";"6";67
"69";"6.";50
"70";"6.30";1
"71";"6112";1
"72";"6380";1
"73";"7";33
"74";"7.";30
"75";"700";4
"76";"8";43
"77";"8.";26
"78";"80";1
"79";"8272";2
"80";"86";2
"81";"9";17
"82";"9.";17
"83";"985";2
"84";"a";240
"85";"A";32
"86";"ABAP";1
"87";"abilities";2
"88";"Abilities";1
"89";"ability";41
"90";"Ability";32
"91";"able";20
"92";"Able";10
"93";"about";8
"94";"About";6
"95";"above";16
"96";"Above";1
"97";"abreast";1
"98";"absolutely";3
"99";"Accept";1
"100";"acceptance";3
"101";"Acceptance";1
"102";"accepted";1
"103";"access";2
"104";"Access";6
"105";"accessories";1
"106";"Accomplish";2
"107";"accomplishing";1
"108";"accordance";4
"109";"according";11
"110";"According";8
"111";"accordingly";2
"112";"account";15
"113";"Account";4
"114";"Accountabilities";1
"115";"ACCOUNTABILITIES";1
"116";"accountability";1
"117";"Accountability";2
"118";"accountable";2
"119";"Accountable";1
"120";"accounting";3
"121";"Accounting";5
"122";"accounts";14
"123";"Accounts";1
"124";"accuracy";2
"125";"Accuracy";1
"126";"accurate";4
"127";"accurately";1
"128";"achieve";19
"129";"Achieve";6
"130";"achieving";9
"131";"acknowledge";1
"132";"Acquire";1
"133";"acquired";1
"134";"across";16
"135";"act";1
"136";"Act";1
"137";"action";8
"138";"actionable";2
"139";"actions";6
"140";"activation";1
"141";"active";4
"142";"Active";8
"143";"actively";3
"144";"Actively";1
"145";"ActiveMQ";1
"146";"activities";47
"147";"activity";2
"148";"Activity";1
"149";"Acts";1
"150";"actual";7
"151";"acumen";1
"152";"ad";5
"153";"AD";2
"154";"adapt";1
"155";"adaptability";1
"156";"Adaptability";1
"157";"adapted";1
"158";"add";4
"159";"Add";1
"160";"added";5
"161";"Adding";7
"162";"addition";1
"163";"additional";5
"164";"Additional";1
"165";"address";2
"166";"addressing";1
"167";"adequate";1
"168";"ADFS";5
"169";"adhere";1
"170";"adhered";1
"171";"adherence";3
"172";"adjust";1
"173";"adjustment";6
"174";"admin";2
"175";"administer";1
"176";"administrates";1
"177";"administration";12
"178";"Administration";3
"179";"administrative";1
"180";"administrator";2
"181";"Administrator";1
"182";"Adminstrator";1
"183";"Ado";2
"184";"ADO";1
"185";"Adobe";1
"186";"adoption";1
"187";"ads";1
"188";"advanced";4
"189";"Advanced";3
"190";"advances";1
"191";"advantage";8
"192";"advertising";5
"193";"Advertising";2
"194";"advice";3
"195";"advise";1
"196";"Advise";1
"197";"Advising";2
"198";"advisor";2
"199";"affiliated";3
"200";"after";6
"201";"After";1
"202";"against";3
"203";"agencies";2
"204";"agency";3
"205";"agents";4
"206";"aggressive";3
"207";"Aggressive";3
"208";"agile";3
"209";"agreed";12
"210";"agreement";1
"211";"Agreements";1
"212";"AI";2
"213";"aid";1
"214";"AIF";1
"215";"aim";2
"216";"Air";1
"217";"AirWatch";1
"218";"AIX";2
"219";"AJAX";6
"220";"ALA";1
"221";"alaworld";1
"222";"align";1
"223";"Align";1
"224";"aligned";3
"225";"alignment";1
"226";"aligns";1
"227";"Aligns";1
"228";"alike";2
"229";"all";46
"230";"All";1
"231";"allied";1
"232";"allocated";2
"233";"along";2
"234";"Along";1
"235";"also";9
"236";"Also";3
"237";"alternative";1
"238";"ambiguous";1
"239";"ambitious";10
"240";"Ambitious";6
"241";"ameliorate";1
"242";"America";3
"243";"Americas";1
"244";"among";2
"245";"amounts";1
"246";"amp";3
"247";"an";49
"248";"An";12
"249";"analyse";4
"250";"Analyse";3
"251";"analysis";47
"252";"Analysis";2
"253";"analyst";1
"254";"Analyst";2
"255";"analytical";16
"256";"Analytical";7
"257";"analytics";4
"258";"analyze";9
"259";"Analyze";3
"260";"analyzer";1
"261";"analyzing";1
"262";"and";1520
"263";"And";1
"264";"AND";1
"265";"andability";1
"266";"andy";1
"267";"AngularJS";3
"268";"annual";13
"269";"Annual";1
"270";"Answer";2
"271";"any";9
"272";"anything";1
"273";"AP";1
"274";"APAC";1
"275";"apartment";1
"276";"API";7
"277";"APJ";1
"278";"app";4
"279";"App";4
"280";"APP";6
"281";"appetite";1
"282";"Appliance";1
"283";"applicable";2
"284";"applicants";2
"285";"Applicants";2
"286";"application";25
"287";"Application";5
"288";"applications";15
"289";"Applications";1
"290";"applies";1
"291";"Applies";3
"292";"apply";3
"293";"applying";1
"294";"appointments";1
"295";"appraisal";3
"296";"approach";4
"297";"approaches";1
"298";"appropriate";14
"299";"appropriateness";1
"300";"approvals";1
"301";"approved";1
"302";"Apps";1
"303";"APSS";1
"304";"aptitude";1
"305";"AR";1
"306";"Architect";1
"307";"architecting";6
"308";"architecture";4
"309";"are";75
"310";"ARE";1
"311";"area";33
"312";"Area";9
"313";"areas";3
"314";"Ariba";2
"315";"arises";1
"316";"around";6
"317";"arrange";1
"318";"Arrange";6
"319";"articles";2
"320";"articulate";2
"321";"as";116
"322";"As";4
"323";"AS";1
"324";"Asia";19
"325";"asp";2
"326";"Asp";10
"327";"ASP";36
"328";"aspects";3
"329";"assess";2
"330";"Assess";2
"331";"assessment";2
"332";"Assessments";1
"333";"asset";1
"334";"Asset";1
"335";"assets";2
"336";"assign";1
"337";"Assign";1
"338";"assigned";17
"339";"assigning";1
"340";"assignment";1
"341";"assimilation";1
"342";"assist";4
"343";"Assist";7
"344";"assistant";1
"345";"Assistant";1
"346";"Assisting";2
"347";"assists";1
"348";"Assists";2
"349";"associated";1
"350";"associates";1
"351";"association";1
"352";"assortments";1
"353";"assure";4
"354";"assured";3
"355";"ASTAR";1
"356";"at";19
"357";"At";18
"358";"AT";1
"359";"Attain";1
"360";"Attend";3
"361";"attendance";1
"362";"attending";3
"363";"attention";9
"364";"Attention";1
"365";"attitude";5
"366";"attract";2
"367";"attracted";1
"368";"Attractive";1
"369";"Attributes";1
"370";"audit";3
"371";"auditing";2
"372";"audits";1
"373";"Austria";3
"374";"authority";8
"375";"automation";11
"376";"Automation";1
"377";"Automotive";2
"378";"Autonomous";1
"379";"availability";1
"380";"available";1
"381";"average";1
"382";"avoiding";1
"383";"awareness";6
"384";"aways";1
"385";"AX";26
"386";"Axapta";1
"387";"Axure";1
"388";"Azure";8
"389";"b";2
"390";"B";22
"391";"B2B";20
"392";"B2C";1
"393";"BA";5
"394";"bachelor";1
"395";"Bachelor";23
"396";"Bachelors";2
"397";"back";4
"398";"background";5
"399";"BACKGROUND";1
"400";"backlog";2
"401";"backup";1
"402";"backups";1
"403";"Baidu";1
"404";"Balance";1
"405";"Balancers";2
"406";"bank";3
"407";"Bank";1
"408";"banking";1
"409";"Banking";1
"410";"banner";1
"411";"Barcode";1
"412";"base";2
"413";"Base";5
"414";"based";13
"415";"Based";2
"416";"basic";1
"417";"Basic";4
"418";"basis";7
"419";"BCAs";1
"420";"BCU";1
"421";"be";70
"422";"Be";10
"423";"BE";6
"424";"become";10
"425";"been";3
"426";"before";2
"427";"BEGINNING";1
"428";"behavior";9
"429";"Beijing";14
"430";"Being";1
"431";"Beliefs";1
"432";"believed";1
"433";"below";2
"434";"Below";1
"435";"benefit";1
"436";"best";14
"437";"Best";1
"438";"BetaBag";2
"439";"better";1
"440";"between";4
"441";"beyond";4
"442";"bi";1
"443";"BI";15
"444";"bidding";3
"445";"big";4
"446";"Big";1
"447";"billable";2
"448";"billing";2
"449";"Biology";1
"450";"Biotechnology";1
"451";"biz";1
"452";"Biztalk";5
"453";"Blogs";2
"454";"blueprint";1
"455";"BMC";3
"456";"boarding";2
"457";"bodies";2
"458";"boilerplates";1
"459";"Bonus";1
"460";"booking";1
"461";"booth";1
"462";"bootstamp";1
"463";"Bootstrap";1
"464";"both";27
"465";"BPM";5
"466";"BPO";2
"467";"brand";20
"468";"Brand";2
"469";"branding";3
"470";"brands";3
"471";"BRDs";1
"472";"Brief";2
"473";"briefing";6
"474";"Bring";1
"475";"bringing";1
"476";"broad";1
"477";"Broad";1
"478";"brochures";1
"479";"Browser";2
"480";"BS";5
"481";"BSc";1
"482";"BSE";3
"483";"BU";1
"484";"budget";36
"485";"budgeting";1
"486";"budgets";4
"487";"bug";3
"488";"BUG";1
"489";"bugs";3
"490";"build";9
"491";"Build";7
"492";"building";7
"493";"Building";1
"494";"business";170
"495";"Business";20
"496";"businesses";2
"497";"busy";1
"498";"but";10
"499";"buyers";1
"500";"by";62
"501";"By";6
"502";"c";2
"503";"C";6
"504";"c#";2
"505";"C#";67
"506";"C++";1
"507";"C4C";14
"508";"CA";6
"509";"caf";1
"510";"calculations";2
"511";"call";9
"512";"Call";2
"513";"called";1
"514";"calling";3
"515";"calls";3
"516";"Calm";1
"517";"campaign";7
"518";"campaigns";20
"519";"can";34
"520";"Can";7
"521";"candidate";17
"522";"Candidate";1
"523";"candidates";7
"524";"Candidates";2
"525";"cannot";1
"526";"Cantonese";1
"527";"capabilities";6
"528";"capability";2
"529";"Capability";1
"530";"capable";2
"531";"Capable";1
"532";"capacity";2
"533";"capital";1
"534";"Capital";1
"535";"capture";2
"536";"care";4
"537";"career";1
"538";"Cartodb";1
"539";"CartoDB";1
"540";"case";7
"541";"Case";1
"542";"cases";4
"543";"cash";2
"544";"Cash";1
"545";"Cat";1
"546";"CAT";1
"547";"catalogue";1
"548";"Caterpillar";1
"549";"Cause";1
"550";"CBS";1
"551";"CC";2
"552";"ccifc";1
"553";"CCM";5
"554";"CCRT";1
"555";"CDD";1
"556";"CDU";1
"557";"CE";2
"558";"Celanese";5
"559";"center";2
"560";"Center";3
"561";"Centralised";1
"562";"centre";5
"563";"Centre";2
"564";"certification";4
"565";"Certification";1
"566";"Certifications";1
"567";"certified";1
"568";"CET";7
"569";"CET4";8
"570";"chain";1
"571";"challenges";8
"572";"Challenges";7
"573";"CHALLENGES";1
"574";"challenging";9
"575";"Challenging";1
"576";"champion";1
"577";"chance";1
"578";"change";8
"579";"Change";1
"580";"changes";9
"581";"changing";1
"582";"channel";3
"583";"channels";22
"584";"characterized";7
"585";"characters";1
"586";"charge";2
"587";"chat";2
"588";"cheaper";1
"589";"check";4
"590";"Chemical";1
"591";"chemicals";1
"592";"Chief";3
"593";"china";3
"594";"China";52
"595";"Chinese";22
"596";"choices";1
"597";"circumstance";6
"598";"circumstances";1
"599";"CIRCUMSTANCES";1
"600";"Cisco";3
"601";"claim";1
"602";"claims";1
"603";"clarification";1
"604";"clarifies";1
"605";"clarify";1
"606";"Class";1
"607";"classification";2
"608";"clean";3
"609";"clear";4
"610";"clearances";1
"611";"clearly";1
"612";"Clearly";1
"613";"client";45
"614";"Client";3
"615";"clients";27
"616";"climate";1
"617";"close";15
"618";"Close";7
"619";"closed";1
"620";"closely";12
"621";"Closely";2
"622";"closing";2
"623";"cloud";5
"624";"Cloud";21
"625";"clustered";1
"626";"CMS";1
"627";"cn";6
"628";"CNPPA";1
"629";"Co";1
"630";"coach";2
"631";"code";2
"632";"codes";1
"633";"coding";3
"634";"Cognex";1
"635";"Cognoids";1
"636";"Cognos";2
"637";"cold";5
"638";"Cold";1
"639";"collaborate";4
"640";"Collaborate";5
"641";"collaboration";7
"642";"collaborations";1
"643";"collaborative";2
"644";"collaborators";1
"645";"collated";1
"646";"collateral";1
"647";"collaterals";2
"648";"colleagues";14
"649";"collect";1
"650";"Collect";10
"651";"collection";2
"652";"Collects";1
"653";"com";8
"654";"COM";1
"655";"combined";2
"656";"combines";1
"657";"come";1
"658";"comfortable";3
"659";"Comfortable";2
"660";"coming";1
"661";"commerce";8
"662";"commercial";13
"663";"Commercial";2
"664";"Commerical";1
"665";"commission";2
"666";"Commission";1
"667";"commitment";1
"668";"commits";1
"669";"common";1
"670";"Common";1
"671";"communicate";10
"672";"Communicate";3
"673";"Communicates";1
"674";"communicating";4
"675";"communication";66
"676";"Communication";3
"677";"communications";14
"678";"Communications";8
"679";"communicator";9
"680";"Communicator";1
"681";"community";6
"682";"companies";4
"683";"company";44
"684";"Company";6
"685";"comparable";1
"686";"compatibility";1
"687";"compensation";2
"688";"competence";2
"689";"competencies";1
"690";"Competencies";1
"691";"COMPETENCIES";12
"692";"competent";14
"693";"competition";3
"694";"Competition";1
"695";"competitions";1
"696";"competitive";3
"697";"Competitive";8
"698";"competitor";1
"699";"competitors";12
"700";"compilations";2
"701";"Complaint";1
"702";"complaints";2
"703";"completed";3
"704";"completely";1
"705";"completion";2
"706";"complex";14
"707";"compliance";4
"708";"compliant";1
"709";"complication";1
"710";"component";1
"711";"components";4
"712";"comprehensive";4
"713";"Comprehensive";1
"714";"computer";16
"715";"Computer";7
"716";"computing";1
"717";"concept";2
"718";"concepts";7
"719";"conceptual";1
"720";"concerning";3
"721";"concerns";2
"722";"concert";2
"723";"concise";1
"724";"conclusions";1
"725";"condition";2
"726";"conditioning";1
"727";"conditions";10
"728";"conduct";6
"729";"Conduct";4
"730";"Conducting";2
"731";"conducts";1
"732";"Conducts";2
"733";"conference";1
"734";"conferences";3
"735";"Confident";2
"736";"confidential";1
"737";"confidently";2
"738";"configuration";9
"739";"Configuration";2
"740";"configurations";1
"741";"configured";1
"742";"configuring";1
"743";"confirmation";1
"744";"connect";2
"745";"connection";1
"746";"conscious";1
"747";"consensus";1
"748";"consider";1
"749";"Considerable";2
"750";"considered";3
"751";"consistency";3
"752";"consistent";1
"753";"consistently";4
"754";"consolidate";1
"755";"Consolidate";1
"756";"consolidated";7
"757";"consortium";1
"758";"constantly";2
"759";"constraints";1
"760";"consultant";15
"761";"Consultant";4
"762";"consultants";4
"763";"consultation";2
"764";"consultative";1
"765";"consultatively";1
"766";"consulting";8
"767";"Consults";3
"768";"consumable";2
"769";"consumer";7
"770";"consumers";3
"771";"Consumers";2
"772";"consumption";2
"773";"contact";10
"774";"contacting";1
"775";"contacts";4
"776";"containers";1
"777";"content";11
"778";"Content";8
"779";"CONTENT";1
"780";"contents";2
"781";"context";1
"782";"CONTEXT";1
"783";"continue";6
"784";"continuous";14
"785";"Continuous";2
"786";"continuously";13
"787";"contract";2
"788";"contracts";2
"789";"contractual";1
"790";"contribute";4
"791";"Contribute";1
"792";"contributes";1
"793";"Contributes";3
"794";"contributing";2
"795";"contribution";1
"796";"contributor";2
"797";"control";16
"798";"Control";6
"799";"Controller";1
"800";"controls";1
"801";"convene";1
"802";"conversion";1
"803";"convert";3
"804";"conveying";2
"805";"cooperate";1
"806";"Cooperate";12
"807";"cooperation";9
"808";"Cooperation";2
"809";"coordinate";9
"810";"Coordinate";10
"811";"coordinates";2
"812";"Coordinates";1
"813";"coordinating";1
"814";"coordination";5
"815";"Coordination";2
"816";"Coordinator";1
"817";"copy";1
"818";"core";2
"819";"corporate";9
"820";"correct";8
"821";"corrective";2
"822";"correctively";1
"823";"correctives";1
"824";"corrects";1
"825";"corresponding";2
"826";"cost";10
"827";"Cost";1
"828";"counsel";1
"829";"count";1
"830";"country";3
"831";"Country";3
"832";"couponing";1
"833";"courage";1
"834";"course";1
"835";"courses";2
"836";"cover";4
"837";"CQ5";1
"838";"CR";2
"839";"Crafting";1
"840";"CRC";1
"841";"cream";1
"842";"create";6
"843";"Create";12
"844";"Creates";1
"845";"creating";5
"846";"Creating";1
"847";"creation";11
"848";"Creation";2
"849";"creative";12
"850";"Creative";2
"851";"credit";4
"852";"crimsondynamics";1
"853";"critical";7
"854";"critically";2
"855";"crm";4
"856";"CRM";711
"857";"CRM5";1
"858";"cross";19
"859";"crossing";1
"860";"CRP";1
"861";"CRs";1
"862";"Crystal";1
"863";"CS";1
"864";"css";2
"865";"CSS";23
"866";"CTI";5
"867";"cubes";1
"868";"cultural";1
"869";"culture";14
"870";"cultures";1
"871";"curious";2
"872";"current";16
"873";"currently";2
"874";"custom";7
"875";"customer";148
"876";"Customer";25
"877";"customers";94
"878";"Customers";1
"879";"customization";4
"880";"Customization";3
"881";"customizations";2
"882";"customized";7
"883";"customizing";6
"884";"CVS";1
"885";"cycle";6
"886";"Cycle";1
"887";"cycles";1
"888";"d";1
"889";"D";10
"890";"D365";9
"891";"daily";14
"892";"Daily";2
"893";"Dapper";1
"894";"dashboard";1
"895";"Dashboards";1
"896";"data";78
"897";"Data";4
"898";"database";17
"899";"Database";1
"900";"databases";2
"901";"Datalogic";1
"902";"date";3
"903";"day";14
"904";"DB2";2
"905";"DBA";1
"906";"de";3
"907";"DE";1
"908";"deadline";1
"909";"deadlines";8
"910";"deal";7
"911";"Deal";1
"912";"dealer";1
"913";"dealership";1
"914";"deals";2
"915";"debt";1
"916";"debugging";2
"917";"Debugging";1
"918";"decide";6
"919";"decision";12
"920";"decisions";5
"921";"dedicated";1
"922";"deemed";2
"923";"deep";1
"924";"Deep";4
"925";"Defend";2
"926";"define";4
"927";"Define";4
"928";"defined";2
"929";"Defines";1
"930";"defining";2
"931";"definition";4
"932";"degree";21
"933";"Degree";11
"934";"degrees";2
"935";"delegating";2
"936";"delinquent";1
"937";"deliver";9
"938";"deliverable";2
"939";"deliverables";4
"940";"delivered";2
"941";"deliveries";1
"942";"delivering";8
"943";"delivery";12
"944";"Delivery";1
"945";"demand";6
"946";"demanding";1
"947";"demands";3
"948";"Demonstrable";1
"949";"Demonstrate";2
"950";"demonstrated";3
"951";"Demonstrated";6
"952";"Demonstrates";1
"953";"demonstrations";2
"954";"Denmark";7
"955";"department";6
"956";"Department";6
"957";"departmental";12
"958";"departments";27
"959";"deploy";1
"960";"Deploy";1
"961";"deploying";1
"962";"deployment";6
"963";"Deployment";2
"964";"deployments";3
"965";"depth";8
"966";"description";4
"967";"Description";11
"968";"DESCRIPTION";1
"969";"design";26
"970";"Design";7
"971";"designated";1
"972";"designing";3
"973";"Designing";2
"974";"designs";4
"975";"Designs";1
"976";"desirable";3
"977";"DESIRABLE";1
"978";"desire";4
"979";"desired";2
"980";"Desired";9
"981";"Desk";4
"982";"detail";7
"983";"Detail";1
"984";"detailed";3
"985";"Detailed";3
"986";"details";3
"987";"determination";7
"988";"determine";3
"989";"Determine";1
"990";"determined";1
"991";"develop";44
"992";"Develop";22
"993";"developer";2
"994";"developers";1
"995";"developing";8
"996";"Developing";2
"997";"development";84
"998";"Development";9
"999";"DEVELOPMENT";6
"1000";"developments";1
"1001";"develops";3
"1002";"Develops";5
"1003";"deveopment";6
"1004";"deviate";1
"1005";"Dexterity";1
"1006";"DFS";1
"1007";"DHCP";1
"1008";"diagrams";2
"1009";"dialogue";7
"1010";"different";6
"1011";"difficult";1
"1012";"digest";1
"1013";"digital";16
"1014";"Digital";5
"1015";"Diploma";1
"1016";"direct";5
"1017";"directed";1
"1018";"direction";3
"1019";"Direction";1
"1020";"directly";9
"1021";"director";1
"1022";"Director";1
"1023";"directory";1
"1024";"Directory";8
"1025";"discipline";2
"1026";"disciplined";1
"1027";"disciplines";1
"1028";"disclaimers";1
"1029";"discount";1
"1030";"discounts";1
"1031";"discretion";1
"1032";"discuss";1
"1033";"Discuss";1
"1034";"discussions";1
"1035";"display";1
"1036";"disposable";1
"1037";"distribute";2
"1038";"Distributed";1
"1039";"distribution";3
"1040";"Distribution";1
"1041";"distributor";2
"1042";"distributors";5
"1043";"DIV";3
"1044";"diverse";1
"1045";"diversion";1
"1046";"diversity";1
"1047";"DMS";5
"1048";"DNS";3
"1049";"Do";2
"1050";"document";8
"1051";"Document";2
"1052";"documentation";20
"1053";"Documentation";1
"1054";"documentations";2
"1055";"Documented";1
"1056";"documenting";2
"1057";"documents";5
"1058";"doing";1
"1059";"domain";3
"1060";"Domain";2
"1061";"domestic";6
"1062";"domestically";1
"1063";"don";1
"1064";"done";2
"1065";"doors";7
"1066";"down";7
"1067";"DPTE";2
"1068";"Draft";1
"1069";"drawdown";1
"1070";"drawing";1
"1071";"drawings";1
"1072";"drinkers";1
"1073";"drive";11
"1074";"Drive";6
"1075";"driven";21
"1076";"Driven";1
"1077";"driving";7
"1078";"dropshippers";1
"1079";"DRP";2
"1080";"Drupal";1
"1081";"DSP";1
"1082";"Dubai";1
"1083";"due";1
"1084";"duly";1
"1085";"Duly";6
"1086";"during";4
"1087";"duties";5
"1088";"Duties";1
"1089";"DUTIES";8
"1090";"Dynaimics";2
"1091";"dynamic";9
"1092";"Dynamic";15
"1093";"dynamics";31
"1094";"Dynamics";327
"1095";"Dynamics365";3
"1096";"DynamicsCRM";2
"1097";"e";31
"1098";"E";7
"1099";"each";16
"1100";"eager";2
"1101";"EAR";2
"1102";"early";1
"1103";"easily";1
"1104";"East";1
"1105";"easy";3
"1106";"EasyUI";2
"1107";"Ebean";1
"1108";"eCDDs";1
"1109";"eclectic";2
"1110";"Eclipse";1
"1111";"ECM";3
"1112";"ecommerce";2
"1113";"eCommerce";1
"1114";"EDI";2
"1115";"Editor";2
"1116";"EDM";3
"1117";"EDP";3
"1118";"educate";2
"1119";"education";13
"1120";"Education";13
"1121";"EDUCATION";8
"1122";"educational";2
"1123";"EE";3
"1124";"EF";1
"1125";"effect";2
"1126";"effective";18
"1127";"effectively";14
"1128";"Effectively";1
"1129";"effectiveness";5
"1130";"EFFECTIVENESS";1
"1131";"efficiency";1
"1132";"Efficiency";1
"1133";"efficient";6
"1134";"Efficient";2
"1135";"efficiently";2
"1136";"efforts";10
"1137";"electronic";6
"1138";"electronics";7
"1139";"Electronics";1
"1140";"eligible";1
"1141";"email";8
"1142";"Email";3
"1143";"emailing";1
"1144";"embody";2
"1145";"emphasis";4
"1146";"employee";1
"1147";"employees";5
"1148";"employer";1
"1149";"Employer";2
"1150";"employment";9
"1151";"enable";1
"1152";"Enablement";2
"1153";"enabler";1
"1154";"Encourage";2
"1155";"encouraged";1
"1156";"end";26
"1157";"End";2
"1158";"Energetic";1
"1159";"energy";1
"1160";"Energy";1
"1161";"enforces";1
"1162";"engage";5
"1163";"Engage";2
"1164";"engaged";1
"1165";"engagement";9
"1166";"Engagement";1
"1167";"engaging";1
"1168";"engine";1
"1169";"engineer";1
"1170";"Engineer";4
"1171";"engineering";11
"1172";"Engineering";2
"1173";"engineers";1
"1174";"English";68
"1175";"Engnineer";2
"1176";"enhance";2
"1177";"enhanced";1
"1178";"enhancement";2
"1179";"enhancements";4
"1180";"Enjoy";3
"1181";"enlarge";1
"1182";"enquire";1
"1183";"ensure";41
"1184";"Ensure";16
"1185";"ensures";3
"1186";"Ensures";5
"1187";"ensuring";6
"1188";"Ensuring";1
"1189";"enter";1
"1190";"entered";1
"1191";"enterprise";7
"1192";"Enterprise";3
"1193";"entertainments";1
"1194";"enthusiasm";7
"1195";"entire";3
"1196";"entities";2
"1197";"Entity";2
"1198";"entries";3
"1199";"entry";2
"1200";"ENTRY";1
"1201";"environment";49
"1202";"environments";6
"1203";"Epicor";2
"1204";"Equal";2
"1205";"equipment";2
"1206";"equivalent";10
"1207";"ERP";124
"1208";"error";1
"1209";"Escalate";1
"1210";"escalation";2
"1211";"Escalation";1
"1212";"escalations";2
"1213";"especially";5
"1214";"ESRI";2
"1215";"essential";9
"1216";"Essential";5
"1217";"establish";3
"1218";"Establish";4
"1219";"Establishes";2
"1220";"establishing";1
"1221";"establishment";2
"1222";"estimates";1
"1223";"estimating";1
"1224";"etc";32
"1225";"ethic";1
"1226";"ethics";1
"1227";"ETL";4
"1228";"EU";1
"1229";"Europe";3
"1230";"European";3
"1231";"evaluate";4
"1232";"Evaluate";1
"1233";"evaluation";3
"1234";"event";1
"1235";"events";7
"1236";"evolution";2
"1237";"exceed";2
"1238";"excel";2
"1239";"Excel";17
"1240";"EXCEL";3
"1241";"excellence";1
"1242";"Excellence";1
"1243";"excellent";7
"1244";"Excellent";32
"1245";"exceptional";8
"1246";"Exceptional";3
"1247";"excess";1
"1248";"exchange";1
"1249";"Exchange";8
"1250";"Exchange2";2
"1251";"excited";2
"1252";"excitement";2
"1253";"exciting";3
"1254";"excluding";1
"1255";"EXE";2
"1256";"execute";16
"1257";"Execute";3
"1258";"executing";3
"1259";"execution";9
"1260";"Execution";3
"1261";"executions";1
"1262";"executive";1
"1263";"Executive";1
"1264";"executives";2
"1265";"exhibition";1
"1266";"exhibitions";2
"1267";"Exhibitions";1
"1268";"Exhibits";1
"1269";"existing";8
"1270";"Existing";1
"1271";"exit";1
"1272";"expand";3
"1273";"Expand";1
"1274";"expanding";7
"1275";"expansion";4
"1276";"expectation";3
"1277";"expectations";5
"1278";"expects";1
"1279";"experience";171
"1280";"Experience";61
"1281";"EXPERIENCE";2
"1282";"Experienced";10
"1283";"experiences";7
"1284";"experiential";2
"1285";"experimentation";1
"1286";"Experimentation";1
"1287";"expert";4
"1288";"Expert";4
"1289";"expertise";3
"1290";"Expertise";3
"1291";"explain";1
"1292";"explore";3
"1293";"Explore";2
"1294";"Explores";1
"1295";"export";1
"1296";"exported";1
"1297";"exposure";2
"1298";"express";1
"1299";"expression";1
"1300";"Ext";3
"1301";"extend";1
"1302";"extension";1
"1303";"extensive";1
"1304";"Extensive";1
"1305";"extent";6
"1306";"external";20
"1307";"External";1
"1308";"ExtJS";2
"1309";"extraction";2
"1310";"EÍ¨";2
"1311";"f";1
"1312";"F";2
"1313";"face";4
"1314";"faced";2
"1315";"facilitate";4
"1316";"Facilitate";1
"1317";"Facilitates";1
"1318";"facilities";2
"1319";"facing";1
"1320";"factors";1
"1321";"facts";1
"1322";"failed";1
"1323";"fair";1
"1324";"Falinwa";1
"1325";"FAM";1
"1326";"familiar";5
"1327";"Familiar";9
"1328";"familiarity";1
"1329";"Familiarity";1
"1330";"fangweitech";1
"1331";"far";1
"1332";"Fashion";7
"1333";"fast";15
"1334";"Fast";1
"1335";"faster";1
"1336";"fax";2
"1337";"FDD";1
"1338";"feasibility";2
"1339";"featured";1
"1340";"Federation";1
"1341";"feedback";19
"1342";"Feedback";1
"1343";"feel";1
"1344";"Festo";2
"1345";"FetchXML";6
"1346";"few";3
"1347";"FICO";1
"1348";"field";14
"1349";"Field";1
"1350";"fields";4
"1351";"file";3
"1352";"File";1
"1353";"filled";7
"1354";"Filter";2
"1355";"filtration";1
"1356";"final";1
"1357";"finance";3
"1358";"Finance";8
"1359";"financial";12
"1360";"Financial";3
"1361";"financially";1
"1362";"find";8
"1363";"findings";2
"1364";"finest";1
"1365";"firm";3
"1366";"firms";3
"1367";"first";3
"1368";"First";1
"1369";"fiscal";2
"1370";"fit";2
"1371";"five";1
"1372";"fixed";1
"1373";"Fixed";1
"1374";"flat";7
"1375";"flexible";2
"1376";"Flexible";1
"1377";"flow";2
"1378";"flows";6
"1379";"fluctuation";6
"1380";"Fluency";1
"1381";"Fluent";26
"1382";"fluently";1
"1383";"FMCG";6
"1384";"focal";1
"1385";"focus";12
"1386";"Focus";1
"1387";"focused";17
"1388";"focusing";1
"1389";"follow";15
"1390";"Follow";4
"1391";"following";9
"1392";"Food";1
"1393";"footprint";1
"1394";"for";250
"1395";"For";17
"1396";"FOR";1
"1397";"force";2
"1398";"forces";1
"1399";"forecasting";1
"1400";"forecasts";1
"1401";"foreign";1
"1402";"form";1
"1403";"formal";1
"1404";"forms";2
"1405";"Formulation";2
"1406";"Fortinet";1
"1407";"forward";7
"1408";"foster";2
"1409";"Fosters";1
"1410";"found";7
"1411";"foundation";1
"1412";"four";1
"1413";"FP";1
"1414";"framework";1
"1415";"Framework";15
"1416";"Framework4";2
"1417";"French";2
"1418";"frequency";1
"1419";"frequent";1
"1420";"Frequently";1
"1421";"from";42
"1422";"front";4
"1423";"Front";1
"1424";"Fruitful";1
"1425";"fu";1
"1426";"fuel";1
"1427";"Fulfill";1
"1428";"fulfillment";1
"1429";"fulfilment";1
"1430";"full";9
"1431";"fully";6
"1432";"Fully";1
"1433";"fun";3
"1434";"function";3
"1435";"Function";4
"1436";"FUNCTION";1
"1437";"functional";25
"1438";"Functional";2
"1439";"functionalities";5
"1440";"functionality";1
"1441";"functionally";5
"1442";"functioning";1
"1443";"functions";8
"1444";"Functions";1
"1445";"fundamental";1
"1446";"further";13
"1447";"FURTHER";7
"1448";"future";5
"1449";"Future";1
"1450";"g";13
"1451";"G";3
"1452";"gain";1
"1453";"GAM";1
"1454";"game";2
"1455";"GAMP";1
"1456";"gap";2
"1457";"GAP";1
"1458";"gaps";1
"1459";"gather";1
"1460";"gathering";9
"1461";"GC";1
"1462";"GCMS";1
"1463";"GEMA";6
"1464";"general";1
"1465";"generally";1
"1466";"generate";13
"1467";"Generate";1
"1468";"generated";1
"1469";"generating";3
"1470";"generation";10
"1471";"geographic";1
"1472";"geography";1
"1473";"German";4
"1474";"Germany";7
"1475";"get";10
"1476";"Get";1
"1477";"getting";1
"1478";"GIS";6
"1479";"Git";1
"1480";"GIT";1
"1481";"GitHub";4
"1482";"give";2
"1483";"given";1
"1484";"Gives";1
"1485";"GL";1
"1486";"global";16
"1487";"Global";4
"1488";"globally";2
"1489";"globe";2
"1490";"GLP";1
"1491";"GLS";1
"1492";"gmail";1
"1493";"GMP";1
"1494";"go";4
"1495";"goal";5
"1496";"goals";10
"1497";"going";7
"1498";"goldengate";1
"1499";"good";25
"1500";"Good";59
"1501";"goods";1
"1502";"GP";1
"1503";"GPO";1
"1504";"graduate";4
"1505";"Graduated";3
"1506";"granted";1
"1507";"great";2
"1508";"Great";2
"1509";"Greater";3
"1510";"gross";2
"1511";"group";4
"1512";"Group";13
"1513";"groups";10
"1514";"grow";2
"1515";"Grow";2
"1516";"growing";9
"1517";"grown";2
"1518";"growth";15
"1519";"Guangzhou";1
"1520";"guidance";4
"1521";"guide";1
"1522";"Guide";1
"1523";"guided";2
"1524";"guideline";1
"1525";"guidelines";6
"1526";"Guidelines";1
"1527";"H5";1
"1528";"half";2
"1529";"handle";5
"1530";"Handle";5
"1531";"handling";6
"1532";"Handling";1
"1533";"Handover";1
"1534";"hands";6
"1535";"Hands";5
"1536";"hard";3
"1537";"Hard";2
"1538";"hardware";3
"1539";"has";12
"1540";"HAVC";1
"1541";"have";37
"1542";"Have";6
"1543";"having";7
"1544";"he";1
"1545";"He";3
"1546";"headquarter";1
"1547";"headquarters";4
"1548";"heads";1
"1549";"health";1
"1550";"healthcare";1
"1551";"healthy";1
"1552";"heat";1
"1553";"Heat";2
"1554";"help";5
"1555";"Help";2
"1556";"helpdesk";2
"1557";"Helpdesk";1
"1558";"Hematology";1
"1559";"her";1
"1560";"hi";1
"1561";"Hi";1
"1562";"hierarchy";1
"1563";"high";36
"1564";"High";5
"1565";"higher";2
"1566";"highest";2
"1567";"highlights";1
"1568";"highly";7
"1569";"Highly";1
"1570";"his";1
"1571";"hit";2
"1572";"hj15staff";1
"1573";"hoc";5
"1574";"holidays";1
"1575";"home";1
"1576";"Home";1
"1577";"honesty";1
"1578";"Hong";3
"1579";"HORECA";2
"1580";"hosted";1
"1581";"hotels";1
"1582";"Hotline";1
"1583";"hour";1
"1584";"hours";1
"1585";"house";3
"1586";"household";1
"1587";"how";4
"1588";"However";1
"1589";"HR";3
"1590";"html";1
"1591";"Html";6
"1592";"HTML";18
"1593";"html5";1
"1594";"HTML5";2
"1595";"http";1
"1596";"HUB";1
"1597";"Hubspot";2
"1598";"HubSpot";4
"1599";"hunting";7
"1600";"Hutong";14
"1601";"Hybris";1
"1602";"Hyper";1
"1603";"i";11
"1604";"I";1
"1605";"iBatis";1
"1606";"IBM";6
"1607";"ice";1
"1608";"idea";2
"1609";"ideal";1
"1610";"ideally";1
"1611";"ideas";6
"1612";"identified";3
"1613";"identifiers";1
"1614";"Identifies";3
"1615";"identify";11
"1616";"Identify";7
"1617";"identifying";1
"1618";"Identifying";1
"1619";"Identity";2
"1620";"ie";1
"1621";"if";7
"1622";"If";5
"1623";"IFS";1
"1624";"II";1
"1625";"III";1
"1626";"IIS";5
"1627";"image";2
"1628";"Imagery";1
"1629";"immediate";1
"1630";"immediately";1
"1631";"Immunology";1
"1632";"impact";4
"1633";"Impact";1
"1634";"impactful";2
"1635";"Impacts";1
"1636";"impeccable";1
"1637";"implement";11
"1638";"Implement";6
"1639";"implementation";42
"1640";"Implementation";10
"1641";"implementations";2
"1642";"implemented";5
"1643";"implementing";6
"1644";"Implements";1
"1645";"Import";1
"1646";"important";4
"1647";"imports";1
"1648";"imprint";2
"1649";"improve";16
"1650";"Improve";1
"1651";"improvement";13
"1652";"Improvement";1
"1653";"improvements";6
"1654";"in";474
"1655";"In";10
"1656";"IN";1
"1657";"inbound";1
"1658";"incentive";3
"1659";"incl";1
"1660";"include";6
"1661";"Include";1
"1662";"included";1
"1663";"includes";5
"1664";"including";44
"1665";"inclusive";2
"1666";"Incorporated";1
"1667";"increase";2
"1668";"Increase";1
"1669";"increasing";1
"1670";"incumbent";6
"1671";"Incumbent";1
"1672";"independent";1
"1673";"independently";6
"1674";"InDesign";2
"1675";"India";2
"1676";"indicate";1
"1677";"indicators";1
"1678";"Indicators";2
"1679";"indirect";1
"1680";"individual";13
"1681";"individuals";2
"1682";"industrial";7
"1683";"Industrial";1
"1684";"industries";3
"1685";"industry";39
"1686";"Industry";2
"1687";"influence";1
"1688";"influencing";1
"1689";"informal";2
"1690";"informatics";4
"1691";"information";32
"1692";"Information";4
"1693";"infrastructure";4
"1694";"Infrastructure";2
"1695";"infrequent";1
"1696";"initiate";1
"1697";"initiated";1
"1698";"initiative";1
"1699";"initiatives";11
"1700";"innovation";6
"1701";"Innovation";2
"1702";"innovative";3
"1703";"inplement";1
"1704";"input";7
"1705";"inquire";1
"1706";"inquiries";3
"1707";"inquiry";1
"1708";"inside";2
"1709";"insight";10
"1710";"Insight";1
"1711";"insights";11
"1712";"inspired";2
"1713";"installation";2
"1714";"Installation";2
"1715";"instinct";7
"1716";"insurances";1
"1717";"integrate";2
"1718";"integrated";4
"1719";"Integrated";2
"1720";"integration";13
"1721";"Integration";3
"1722";"integrations";1
"1723";"integrators";2
"1724";"integrity";6
"1725";"intel";1
"1726";"intelligence";6
"1727";"Intelligence";5
"1728";"intention";1
"1729";"interacting";2
"1730";"interaction";1
"1731";"InterAction";1
"1732";"interactions";1
"1733";"interactive";8
"1734";"interest";2
"1735";"Interested";2
"1736";"interesting";7
"1737";"interface";2
"1738";"interfaces";3
"1739";"interim";1
"1740";"intern";1
"1741";"Intern";1
"1742";"internal";41
"1743";"Internal";3
"1744";"international";37
"1745";"International";1
"1746";"internet";5
"1747";"Internet";2
"1748";"interpersonal";7
"1749";"interpret";1
"1750";"Interpret";1
"1751";"interpretation";1
"1752";"interpreting";2
"1753";"interviews";3
"1754";"into";36
"1755";"inventory";3
"1756";"investigation";1
"1757";"investment";1
"1758";"invoice";1
"1759";"invoices";2
"1760";"involved";1
"1761";"involves";2
"1762";"IO";2
"1763";"IOS";1
"1764";"IP";3
"1765";"is";102
"1766";"IS";1
"1767";"ISO";1
"1768";"isolation";1
"1769";"issue";7
"1770";"issues";19
"1771";"it";2
"1772";"It";2
"1773";"IT";59
"1774";"ITA";2
"1775";"items";3
"1776";"iteratively";1
"1777";"ITIL";3
"1778";"its";10
"1779";"Its";3
"1780";"ITSM";1
"1781";"Japan";1
"1782";"java";2
"1783";"Java";18
"1784";"JAVA";1
"1785";"javascript";2
"1786";"Javascript";17
"1787";"JavaScript";36
"1788";"Jboss";1
"1789";"Jenkins";1
"1790";"Jiangsu";9
"1791";"jms";1
"1792";"job";14
"1793";"Job";21
"1794";"JOB";9
"1795";"Jobs";1
"1796";"join";4
"1797";"jQuerry";1
"1798";"jquery";3
"1799";"jQuery";4
"1800";"Jquery";2
"1801";"JQuery";5
"1802";"js";2
"1803";"JS";9
"1804";"JSON";3
"1805";"jta";1
"1806";"judgment";3
"1807";"jump";1
"1808";"junior";1
"1809";"just";3
"1810";"K";1
"1811";"K2";1
"1812";"KAIZEN";1
"1813";"Kamstrup";5
"1814";"kb";2
"1815";"keen";8
"1816";"Keen";1
"1817";"keep";8
"1818";"Keep";4
"1819";"Keithley";1
"1820";"KendUI";2
"1821";"kept";1
"1822";"key";21
"1823";"Key";10
"1824";"KEY";1
"1825";"know";1
"1826";"Know";1
"1827";"knowhow";1
"1828";"knowledge";74
"1829";"Knowledge";35
"1830";"known";2
"1831";"Knows";1
"1832";"Kong";3
"1833";"Korea";2
"1834";"Korean";2
"1835";"KPI";4
"1836";"KPIs";6
"1837";"KPMG";3
"1838";"L";1
"1839";"lab";1
"1840";"landscape";2
"1841";"language";12
"1842";"languages";6
"1843";"large";7
"1844";"largest";8
"1845";"latest";1
"1846";"launch";4
"1847";"launched";1
"1848";"launches";3
"1849";"layout";1
"1850";"layouts";1
"1851";"LDAPS";1
"1852";"lead";16
"1853";"Lead";11
"1854";"leader";8
"1855";"leaders";3
"1856";"leadership";10
"1857";"Leadership";3
"1858";"leading";5
"1859";"Leading";1
"1860";"leads";20
"1861";"Leads";3
"1862";"leakages";1
"1863";"learn";9
"1864";"learner";1
"1865";"learning";1
"1866";"learnings";1
"1867";"least";19
"1868";"leave";2
"1869";"legal";2
"1870";"Legal";1
"1871";"legally";1
"1872";"legislation";2
"1873";"lending";1
"1874";"Less";1
"1875";"level";14
"1876";"Level";3
"1877";"levels";6
"1878";"leverage";1
"1879";"Leverage";1
"1880";"Lexis";1
"1881";"Liaise";3
"1882";"liaising";1
"1883";"Liaising";1
"1884";"liaison";2
"1885";"license";1
"1886";"life";6
"1887";"Life";2
"1888";"lifecycle";7
"1889";"lifecyle";1
"1890";"Lifestyle";1
"1891";"like";4
"1892";"limit";1
"1893";"limited";3
"1894";"line";9
"1895";"lines";7
"1896";"linked";4
"1897";"links";1
"1898";"LINQ";1
"1899";"Linux";1
"1900";"listener";1
"1901";"listening";7
"1902";"lists";1
"1903";"literacy";2
"1904";"live";2
"1905";"ll";2
"1906";"Load";2
"1907";"Loan";2
"1908";"local";11
"1909";"localization";3
"1910";"Localization";2
"1911";"locally";1
"1912";"locate";1
"1913";"Locate";2
"1914";"Location";7
"1915";"locations";4
"1916";"logic";1
"1917";"logical";2
"1918";"Logical";1
"1919";"logins";1
"1920";"logistic";1
"1921";"Logistic";1
"1922";"logistics";3
"1923";"Logistics";1
"1924";"long";3
"1925";"looking";9
"1926";"Looking";2
"1927";"lookout";4
"1928";"loop";1
"1929";"losses";1
"1930";"low";6
"1931";"lowest";1
"1932";"loyal";7
"1933";"loyalty";9
"1934";"Luxury";1
"1935";"M";2
"1936";"machine";1
"1937";"Machinery";1
"1938";"made";2
"1939";"mail";4
"1940";"main";5
"1941";"Main";1
"1942";"MAIN";6
"1943";"mainly";6
"1944";"maintain";30
"1945";"Maintain";9
"1946";"maintaining";2
"1947";"Maintaining";2
"1948";"maintains";2
"1949";"Maintains";3
"1950";"maintanence";1
"1951";"maintenance";9
"1952";"Maintenance";2
"1953";"major";8
"1954";"Major";3
"1955";"MAJOR";1
"1956";"majored";1
"1957";"Mak";1
"1958";"MAK";3
"1959";"make";16
"1960";"Make";1
"1961";"maker";6
"1962";"makers";4
"1963";"making";2
"1964";"man";4
"1965";"manage";26
"1966";"Manage";14
"1967";"managed";2
"1968";"management";105
"1969";"Management";23
"1970";"manager";17
"1971";"Manager";16
"1972";"managers";4
"1973";"Managers";4
"1974";"manages";1
"1975";"Manages";2
"1976";"managing";15
"1977";"Managing";3
"1978";"Mandarin";14
"1979";"manipulating";3
"1980";"manipulation";1
"1981";"manner";16
"1982";"manners";1
"1983";"manoeuvre";1
"1984";"manual";3
"1985";"manufacture";1
"1986";"manufacturers";2
"1987";"manufacturing";2
"1988";"Manufacturing";1
"1989";"many";1
"1990";"mapping";4
"1991";"Mapping";1
"1992";"mappings";1
"1993";"Mar";1
"1994";"margin";1
"1995";"margins";1
"1996";"market";70
"1997";"Market";4
"1998";"marketer";1
"1999";"marketers";1
"2000";"marketing";85
"2001";"Marketing";41
"2002";"Marketo";1
"2003";"marketplace";1
"2004";"markets";4
"2005";"massive";1
"2006";"master";4
"2007";"Master";2
"2008";"materials";8
"2009";"Materials";1
"2010";"matrix";4
"2011";"Matter";1
"2012";"matters";3
"2013";"Maven";1
"2014";"maximize";4
"2015";"maximizing";1
"2016";"maximum";7
"2017";"may";5
"2018";"May";3
"2019";"MBA";1
"2020";"MCP";3
"2021";"means";2
"2022";"Meanwhile";1
"2023";"measure";6
"2024";"measurement";2
"2025";"mechanical";1
"2026";"Mechanical";1
"2027";"mechanics";1
"2028";"media";9
"2029";"Media";1
"2030";"medical";1
"2031";"medium";2
"2032";"Medium";1
"2033";"meet";19
"2034";"Meet";2
"2035";"meeting";4
"2036";"Meeting";1
"2037";"meetings";7
"2038";"Meets";2
"2039";"member";7
"2040";"Member";2
"2041";"members";6
"2042";"mentor";3
"2043";"mentoring";1
"2044";"merchandising";1
"2045";"Merchandising";1
"2046";"MES";2
"2047";"messaging";1
"2048";"met";6
"2049";"method";1
"2050";"methodologies";2
"2051";"methodology";3
"2052";"methods";4
"2053";"Methods";1
"2054";"METHODS";6
"2055";"metrics";2
"2056";"Microsoft";172
"2057";"Microsoftoffice";1
"2058";"migration";2
"2059";"Migration";1
"2060";"milestones";1
"2061";"million";2
"2062";"mindset";2
"2063";"Mindset";1
"2064";"minimal";2
"2065";"minimum";7
"2066";"Minimum";5
"2067";"mining";5
"2068";"MIS";1
"2069";"mitigation";1
"2070";"mix";2
"2071";"mixed";1
"2072";"MM";1
"2073";"MNC";1
"2074";"MNCs";1
"2075";"mobile";1
"2076";"Mobile";1
"2077";"mobilefirst";1
"2078";"mobility";1
"2079";"model";3
"2080";"modeling";1
"2081";"models";2
"2082";"modern";7
"2083";"modification";1
"2084";"modifications";2
"2085";"module";4
"2086";"modules";8
"2087";"Modules";1
"2088";"Molecular";1
"2089";"moment";1
"2090";"Money";1
"2091";"mongodb";1
"2092";"MongoDB";3
"2093";"monitor";13
"2094";"Monitor";2
"2095";"monitoring";5
"2096";"monitors";2
"2097";"Monitors";1
"2098";"month";2
"2099";"monthly";9
"2100";"Moog";3
"2101";"more";14
"2102";"More";3
"2103";"MOSS";1
"2104";"most";2
"2105";"motivated";18
"2106";"Motivated";3
"2107";"motivating";1
"2108";"motivation";2
"2109";"move";1
"2110";"Move";1
"2111";"moving";1
"2112";"MQLs";2
"2113";"MRP";1
"2114";"MS";47
"2115";"MSc";1
"2116";"MSCRM";4
"2117";"MSDT";2
"2118";"MSFT";2
"2119";"MSSQL";2
"2120";"MTM";1
"2121";"much";3
"2122";"multi";9
"2123";"Multi";1
"2124";"multinational";3
"2125";"multiple";8
"2126";"multitask";1
"2127";"multitasking";1
"2128";"must";5
"2129";"Must";8
"2130";"MUST";1
"2131";"mvc";2
"2132";"MVC";13
"2133";"MVVM";2
"2134";"mySQL";2
"2135";"MySql";1
"2136";"MySQL";5
"2137";"national";11
"2138";"Native";1
"2139";"nature";2
"2140";"NAV";2
"2141";"Navision";1
"2142";"NBU";1
"2143";"NC171116";1
"2144";"necessary";7
"2145";"need";11
"2146";"needed";14
"2147";"NEEDED";1
"2148";"needs";29
"2149";"negotiate";1
"2150";"Negotiate";3
"2151";"Negotiates";1
"2152";"negotiating";1
"2153";"negotiation";11
"2154";"net";39
"2155";"Net";31
"2156";"NET";89
"2157";"Netsuite";1
"2158";"network";8
"2159";"networking";2
"2160";"Networking";2
"2161";"new";84
"2162";"New";1
"2163";"newly";1
"2164";"news";1
"2165";"Nexis";1
"2166";"next";4
"2167";"nice";1
"2168";"no";3
"2169";"non";3
"2170";"nonsense";1
"2171";"not";9
"2172";"notch";2
"2173";"notes";3
"2174";"now";1
"2175";"NPD";1
"2176";"numbers";1
"2177";"nurture";1
"2178";"nurtured";1
"2179";"OA";4
"2180";"objections";1
"2181";"objectives";13
"2182";"objects";2
"2183";"observant";1
"2184";"observations";1
"2185";"observe";1
"2186";"obstacles";1
"2187";"obtain";1
"2188";"occasional";1
"2189";"occupation";1
"2190";"Oceania";5
"2191";"OData";5
"2192";"Odoo";10
"2193";"OEM";4
"2194";"of";527
"2195";"OF";3
"2196";"off";1
"2197";"offer";13
"2198";"offering";1
"2199";"offers";3
"2200";"office";10
"2201";"Office";14
"2202";"OFFICE";1
"2203";"offline";1
"2204";"often";1
"2205";"OK";1
"2206";"OLAP";2
"2207";"old";2
"2208";"OlikView";1
"2209";"OMS";1
"2210";"on";157
"2211";"On";5
"2212";"once";14
"2213";"one";6
"2214";"ones";1
"2215";"ongoing";5
"2216";"online";22
"2217";"Online";1
"2218";"only";1
"2219";"ons";3
"2220";"onto";1
"2221";"Ontrade";1
"2222";"OO";3
"2223";"OpCo";1
"2224";"open";10
"2225";"operate";2
"2226";"Operate";1
"2227";"Operates";1
"2228";"operating";5
"2229";"operation";11
"2230";"Operation";1
"2231";"operational";2
"2232";"operations";10
"2233";"Operations";7
"2234";"operative";1
"2235";"opportunistic";1
"2236";"opportunities";30
"2237";"opportunity";5
"2238";"Opportunity";4
"2239";"optimal";1
"2240";"optimising";1
"2241";"optimization";15
"2242";"optimize";5
"2243";"options";2
"2244";"or";142
"2245";"OR";1
"2246";"oracle";1
"2247";"Oracle";22
"2248";"oral";10
"2249";"Oral";2
"2250";"Oralce";1
"2251";"order";20
"2252";"Order";2
"2253";"orderly";1
"2254";"orders";4
"2255";"ordination";1
"2256";"org";1
"2257";"Organisation";1
"2258";"organization";19
"2259";"organizational";8
"2260";"Organizational";1
"2261";"organizations";1
"2262";"organize";2
"2263";"organized";6
"2264";"Organized";1
"2265";"organizers";1
"2266";"Organizing";1
"2267";"orientated";1
"2268";"orientation";7
"2269";"oriented";10
"2270";"Origination";1
"2271";"ORM";2
"2272";"other";53
"2273";"Other";7
"2274";"others";2
"2275";"our";51
"2276";"Our";12
"2277";"out";17
"2278";"outcome";2
"2279";"outgoing";3
"2280";"outlet";1
"2281";"Outlook";2
"2282";"outreach";2
"2283";"outside";4
"2284";"outsourced";1
"2285";"Outsourced";2
"2286";"outsourcing";3
"2287";"Outstanding";1
"2288";"over";7
"2289";"overachieve";1
"2290";"overall";10
"2291";"Overall";3
"2292";"overdue";1
"2293";"oversea";1
"2294";"overseas";6
"2295";"Overseas";1
"2296";"oversee";1
"2297";"Oversee";5
"2298";"overview";1
"2299";"overwhelming";7
"2300";"own";26
"2301";"Own";2
"2302";"owned";3
"2303";"Owner";1
"2304";"owners";1
"2305";"P";2
"2306";"pace";1
"2307";"paced";15
"2308";"Pacific";3
"2309";"package";3
"2310";"Package";2
"2311";"packaged";1
"2312";"packages";2
"2313";"packs";1
"2314";"paid";1
"2315";"parameters";7
"2316";"part";9
"2317";"partial";1
"2318";"Partial";1
"2319";"Participant";1
"2320";"participate";2
"2321";"Participate";5
"2322";"Participates";3
"2323";"participating";1
"2324";"Participating";2
"2325";"Participation";7
"2326";"particular";1
"2327";"particularly";1
"2328";"parties";2
"2329";"Parties";1
"2330";"partner";6
"2331";"Partner";2
"2332";"partners";9
"2333";"Partners";1
"2334";"partnership";6
"2335";"parts";3
"2336";"party";3
"2337";"passed";1
"2338";"passion";10
"2339";"passionate";4
"2340";"Passionate";4
"2341";"password";1
"2342";"past";1
"2343";"path";1
"2344";"patience";1
"2345";"pattern";1
"2346";"patterns";1
"2347";"pay";1
"2348";"payment";2
"2349";"PC";2
"2350";"peer";1
"2351";"peers";2
"2352";"penetrate";1
"2353";"people";5
"2354";"People";1
"2355";"Pepare";1
"2356";"perception";1
"2357";"perform";3
"2358";"Perform";7
"2359";"performance";26
"2360";"Performance";2
"2361";"performing";3
"2362";"Performs";3
"2363";"period";1
"2364";"Period";1
"2365";"periodic";1
"2366";"Permanent";1
"2367";"perseverance";1
"2368";"person";5
"2369";"personal";21
"2370";"Personal";3
"2371";"PERSONAL";6
"2372";"personalization";1
"2373";"personalize";1
"2374";"persuasive";1
"2375";"pertain";1
"2376";"pertinent";1
"2377";"PFA";2
"2378";"Pharmaceutical";2
"2379";"Pharmacopeia";1
"2380";"phases";2
"2381";"PhD";1
"2382";"phone";3
"2383";"photo";2
"2384";"Photoshop";2
"2385";"PHP";1
"2386";"physical";1
"2387";"pillar";2
"2388";"pilots";1
"2389";"pipeline";11
"2390";"pitch";1
"2391";"pitches";1
"2392";"PKI";1
"2393";"Plains";1
"2394";"plan";23
"2395";"Plan";9
"2396";"planned";1
"2397";"planning";7
"2398";"plans";13
"2399";"Plans";1
"2400";"platform";16
"2401";"Platform";2
"2402";"platforms";4
"2403";"Play";1
"2404";"player";18
"2405";"players";1
"2406";"plays";1
"2407";"please";13
"2408";"Please";2
"2409";"Plugin";1
"2410";"plus";20
"2411";"PM";2
"2412";"PMP";8
"2413";"PO";1
"2414";"Pocess";1
"2415";"point";7
"2416";"points";1
"2417";"POINTS";1
"2418";"polices";1
"2419";"policy";2
"2420";"polymer";1
"2421";"Pop";1
"2422";"portal";3
"2423";"Portal";1
"2424";"portfolio";7
"2425";"Portfolio";1
"2426";"Portico";2
"2427";"POS";3
"2428";"position";34
"2429";"Position";1
"2430";"positioning";3
"2431";"positive";11
"2432";"Positive";1
"2433";"Positively";6
"2434";"possess";1
"2435";"Possess";1
"2436";"possible";11
"2437";"Possible";1
"2438";"post";4
"2439";"potential";6
"2440";"potentially";1
"2441";"power";1
"2442";"Power";7
"2443";"PowerPoint";3
"2444";"PowerProject";4
"2445";"PowerShell";1
"2446";"PP";1
"2447";"PPP";2
"2448";"PPS";1
"2449";"PPT";7
"2450";"PR";11
"2451";"practice";5
"2452";"Practiced";1
"2453";"practices";8
"2454";"pre";5
"2455";"Pre";1
"2456";"Preferable";1
"2457";"preferably";3
"2458";"Preferably";3
"2459";"Preference";1
"2460";"preferences";1
"2461";"preferred";47
"2462";"Preferred";1
"2463";"prelectronics";7
"2464";"prem";1
"2465";"premise";1
"2466";"Premium";1
"2467";"preparation";5
"2468";"Preparation";2
"2469";"prepare";1
"2470";"Prepare";8
"2471";"prepared";1
"2472";"prepares";1
"2473";"preparing";3
"2474";"presale";2
"2475";"presales";1
"2476";"presence";12
"2477";"present";3
"2478";"presentation";7
"2479";"Presentation";7
"2480";"presentations";8
"2481";"Presenting";1
"2482";"press";1
"2483";"pressure";11
"2484";"prevent";1
"2485";"previous";3
"2486";"Previous";1
"2487";"price";11
"2488";"pricing";4
"2489";"primarily";4
"2490";"primary";3
"2491";"Primary";3
"2492";"Prime";1
"2493";"PRINCIPAL";1
"2494";"Principals";1
"2495";"principles";1
"2496";"printed";1
"2497";"printouts";1
"2498";"prior";2
"2499";"priorities";2
"2500";"prioritise";1
"2501";"prioritization";1
"2502";"prioritize";4
"2503";"priority";1
"2504";"privacy";2
"2505";"pro";1
"2506";"Pro";1
"2507";"proactive";2
"2508";"Proactive";1
"2509";"proactively";2
"2510";"Proactively";2
"2511";"problem";15
"2512";"Problem";2
"2513";"problems";16
"2514";"procedures";5
"2515";"process";54
"2516";"Process";2
"2517";"processes";39
"2518";"processing";3
"2519";"Produce";1
"2520";"producing";1
"2521";"product";30
"2522";"Product";3
"2523";"production";11
"2524";"productive";2
"2525";"productivity";2
"2526";"products";25
"2527";"professional";44
"2528";"Professional";1
"2529";"professionalism";2
"2530";"professionals";3
"2531";"proficiency";1
"2532";"Proficiency";2
"2533";"proficient";3
"2534";"Proficient";2
"2535";"profile";1
"2536";"Profile";2
"2537";"PROFILE";6
"2538";"profit";1
"2539";"profitability";2
"2540";"profitable";1
"2541";"program";26
"2542";"Program";1
"2543";"programmers";3
"2544";"programming";4
"2545";"Programming";1
"2546";"programs";27
"2547";"progress";1
"2548";"progressive";1
"2549";"project";69
"2550";"Project";19
"2551";"projects";54
"2552";"promise";2
"2553";"promote";9
"2554";"promotes";2
"2555";"promotion";4
"2556";"promotional";4
"2557";"prompt";1
"2558";"proof";1
"2559";"proper";3
"2560";"properly";2
"2561";"proposal";6
"2562";"proposals";2
"2563";"propose";5
"2564";"Propose";3
"2565";"proposed";2
"2566";"proposes";1
"2567";"proposition";1
"2568";"prospect";2
"2569";"prospecting";2
"2570";"prospective";2
"2571";"prospects";7
"2572";"protocol";1
"2573";"prototypes";1
"2574";"proudly";1
"2575";"proven";2
"2576";"Proven";10
"2577";"provide";25
"2578";"Provide";19
"2579";"provided";2
"2580";"provider";7
"2581";"providers";6
"2582";"Providers";2
"2583";"provides";4
"2584";"Provides";10
"2585";"providing";11
"2586";"provisioning";1
"2587";"provisions";1
"2588";"public";1
"2589";"Public";1
"2590";"pull";7
"2591";"Pump";1
"2592";"Punctual";2
"2593";"purchase";1
"2594";"Purchase";1
"2595";"purpose";3
"2596";"Purpose";3
"2597";"PURPOSE";1
"2598";"pursue";1
"2599";"push";1
"2600";"put";6
"2601";"Python";4
"2602";"QA";1
"2603";"Qlik";1
"2604";"QlikView";1
"2605";"Qualification";4
"2606";"qualifications";11
"2607";"Qualifications";7
"2608";"QUALIFICATIONS";2
"2609";"qualified";4
"2610";"Qualities";1
"2611";"quality";26
"2612";"Quality";1
"2613";"quantify";1
"2614";"quantity";2
"2615";"Quantum";2
"2616";"quarterly";4
"2617";"queries";6
"2618";"questions";8
"2619";"queue";1
"2620";"quick";4
"2621";"quickly";1
"2622";"quotation";7
"2623";"quotations";3
"2624";"R";8
"2625";"RabbitMQ";1
"2626";"RAM";1
"2627";"range";5
"2628";"ranking";1
"2629";"rapid";2
"2630";"rapidly";2
"2631";"rational";1
"2632";"raw";1
"2633";"re";6
"2634";"reaching";7
"2635";"read";3
"2636";"reading";1
"2637";"ready";1
"2638";"realisation";1
"2639";"realization";2
"2640";"realize";1
"2641";"reasonable";1
"2642";"rebate";1
"2643";"receivable";8
"2644";"Receive";1
"2645";"recent";1
"2646";"recognized";1
"2647";"recognizes";1
"2648";"recommend";2
"2649";"recommendation";1
"2650";"recommendations";6
"2651";"record";3
"2652";"Record";1
"2653";"records";3
"2654";"recovery";1
"2655";"recruiting";2
"2656";"recruitment";14
"2657";"recurrence";1
"2658";"redesign";1
"2659";"Redis";1
"2660";"referrals";1
"2661";"Refrigeration";1
"2662";"refund";1
"2663";"regarding";6
"2664";"REGARDING";1
"2665";"region";12
"2666";"Region";1
"2667";"regional";18
"2668";"Regional";1
"2669";"regular";7
"2670";"Regular";3
"2671";"regularized";1
"2672";"reinforce";1
"2673";"related";44
"2674";"relating";1
"2675";"relation";2
"2676";"relations";6
"2677";"Relations";1
"2678";"relationship";13
"2679";"Relationship";6
"2680";"relationships";17
"2681";"release";4
"2682";"releases";3
"2683";"relevant";29
"2684";"Relevant";3
"2685";"reliable";2
"2686";"Remark";2
"2687";"remove";1
"2688";"Remuneration";1
"2689";"repair";2
"2690";"repeat";1
"2691";"replacement";1
"2692";"report";10
"2693";"Report";3
"2694";"reported";1
"2695";"reporting";16
"2696";"Reporting";8
"2697";"reports";21
"2698";"Represent";2
"2699";"representative";7
"2700";"representatives";1
"2701";"represents";1
"2702";"reputation";2
"2703";"request";9
"2704";"requested";1
"2705";"requests";13
"2706";"require";4
"2707";"required";23
"2708";"Required";7
"2709";"requirement";10
"2710";"Requirement";2
"2711";"REQUIREMENT";7
"2712";"requirements";55
"2713";"Requirements";13
"2714";"requires";4
"2715";"Requires";1
"2716";"Requirments";1
"2717";"requisites";1
"2718";"research";10
"2719";"Research";2
"2720";"researching";1
"2721";"Resellers";1
"2722";"resets";1
"2723";"resolution";7
"2724";"resolutions";1
"2725";"resolve";5
"2726";"resolved";4
"2727";"resolves";1
"2728";"Resolves";1
"2729";"resolving";1
"2730";"resource";4
"2731";"Resource";1
"2732";"resourceful";1
"2733";"resources";5
"2734";"respect";2
"2735";"respected";2
"2736";"respective";2
"2737";"respond";4
"2738";"responding";1
"2739";"Responds";1
"2740";"response";1
"2741";"responses";3
"2742";"responsibilites";1
"2743";"responsibilities";5
"2744";"Responsibilities";22
"2745";"RESPONSIBILITIES";3
"2746";"responsibility";16
"2747";"Responsibility";12
"2748";"responsible";22
"2749";"Responsible";30
"2750";"ReST";1
"2751";"REST";2
"2752";"restaurants";1
"2753";"result";10
"2754";"Result";1
"2755";"results";18
"2756";"Results";1
"2757";"RESULTS";1
"2758";"resume";6
"2759";"resumes";1
"2760";"retail";3
"2761";"retaining";1
"2762";"retention";3
"2763";"return";2
"2764";"revenue";6
"2765";"review";8
"2766";"Review";5
"2767";"reviewing";3
"2768";"reviews";1
"2769";"revision";6
"2770";"rewarding";1
"2771";"RFI";2
"2772";"RFP";2
"2773";"Rich";1
"2774";"right";7
"2775";"rigorous";1
"2776";"risk";2
"2777";"risks";1
"2778";"RMB12";1
"2779";"RMB6";1
"2780";"road";2
"2781";"roadmap";3
"2782";"roadshows";1
"2783";"robots";1
"2784";"Robots";1
"2785";"robust";2
"2786";"ROI";7
"2787";"role";14
"2788";"Role";4
"2789";"roles";2
"2790";"roll";8
"2791";"rollout";4
"2792";"Root";1
"2793";"RoRWA";2
"2794";"routers";1
"2795";"rules";1
"2796";"run";1
"2797";"running";3
"2798";"runs";1
"2799";"Runs";2
"2800";"RWA";1
"2801";"s";52
"2802";"S";21
"2803";"Safeguarding";4
"2804";"salary";9
"2805";"Salary";1
"2806";"sale";3
"2807";"sales";210
"2808";"Sales";42
"2809";"salesforce";2
"2810";"Salesforce";23
"2811";"same";1
"2812";"sample";1
"2813";"samples";1
"2814";"SAP";64
"2815";"satisfaction";16
"2816";"Satisfaction";1
"2817";"satisfy";1
"2818";"save";1
"2819";"Savings";1
"2820";"savvy";1
"2821";"say";1
"2822";"Scala";2
"2823";"scalable";1
"2824";"scale";1
"2825";"scenario";1
"2826";"scenarios";2
"2827";"schedule";3
"2828";"scheduling";1
"2829";"school";4
"2830";"School";3
"2831";"schools";2
"2832";"science";6
"2833";"Science";5
"2834";"SCM";1
"2835";"SCMO";1
"2836";"scope";4
"2837";"Scope";1
"2838";"Scribe";1
"2839";"Script";1
"2840";"Scripting";2
"2841";"scripts";1
"2842";"SCRM";1
"2843";"sd";1
"2844";"SD";13
"2845";"SDE";2
"2846";"SDK";14
"2847";"SDLC";2
"2848";"SE";4
"2849";"search";2
"2850";"searching";1
"2851";"second";2
"2852";"secondary";2
"2853";"section";2
"2854";"Sector";1
"2855";"secure";1
"2856";"Secure";1
"2857";"security";7
"2858";"see";7
"2859";"seen";2
"2860";"segment";5
"2861";"segmentation";1
"2862";"segments";5
"2863";"Seibel";5
"2864";"seize";2
"2865";"Seldom";2
"2866";"select";1
"2867";"Select";1
"2868";"selected";1
"2869";"selecting";1
"2870";"selection";4
"2871";"Selection";1
"2872";"selections";1
"2873";"self";17
"2874";"Self";5
"2875";"sell";5
"2876";"selling";14
"2877";"SEM";2
"2878";"seminar";1
"2879";"seminars";7
"2880";"send";7
"2881";"sending";2
"2882";"senior";9
"2883";"Senior";2
"2884";"sense";11
"2885";"sensitive";6
"2886";"SEO";1
"2887";"series";1
"2888";"seriously";2
"2889";"serve";1
"2890";"server";11
"2891";"Server";61
"2892";"SERVER";8
"2893";"Server2008";2
"2894";"servers";1
"2895";"Serves";4
"2896";"service";20
"2897";"Service";38
"2898";"services";35
"2899";"Services";6
"2900";"session";1
"2901";"sessions";6
"2902";"set";16
"2903";"Set";6
"2904";"sets";4
"2905";"Sets";1
"2906";"setting";10
"2907";"Setting";2
"2908";"settings";2
"2909";"setup";3
"2910";"several";3
"2911";"Several";2
"2912";"SFDC";3
"2913";"sh";1
"2914";"shall";1
"2915";"Shanghai";18
"2916";"Shanghainese";1
"2917";"share";7
"2918";"Share";1
"2919";"Sharepoint";6
"2920";"SharePoint";11
"2921";"Sharepoint2010";1
"2922";"sharepoints";1
"2923";"sharing";7
"2924";"Sharing";1
"2925";"she";4
"2926";"sheets";1
"2927";"Shenzhen";2
"2928";"shipments";1
"2929";"shooting";2
"2930";"short";7
"2931";"should";5
"2932";"Should";2
"2933";"shows";3
"2934";"Shows";1
"2935";"side";2
"2936";"Siebe";3
"2937";"Siebel";1
"2938";"Sieble";2
"2939";"Siemens";1
"2940";"sign";2
"2941";"SIGNIFICANT";1
"2942";"significantly";2
"2943";"similar";4
"2944";"simple";1
"2945";"simulate";1
"2946";"simultaneously";6
"2947";"Singapore";1
"2948";"single";3
"2949";"SIT";1
"2950";"site";2
"2951";"Sitecore";3
"2952";"sites";6
"2953";"situated";7
"2954";"situation";1
"2955";"situations";2
"2956";"size";3
"2957";"skill";18
"2958";"Skill";1
"2959";"Skilled";1
"2960";"skills";106
"2961";"Skills";9
"2962";"Skillset";2
"2963";"Skype";2
"2964";"SLA";2
"2965";"SLAs";2
"2966";"sleeves";1
"2967";"small";3
"2968";"SME";4
"2969";"smooth";5
"2970";"SMS";1
"2971";"so";3
"2972";"SOA";3
"2973";"SOAP";1
"2974";"social";5
"2975";"Social";3
"2976";"SOCIAL";6
"2977";"socket";3
"2978";"Soft";2
"2979";"software";42
"2980";"Software";1
"2981";"softwares";2
"2982";"solid";1
"2983";"Solid";4
"2984";"solidify";7
"2985";"Solomon";1
"2986";"solution";21
"2987";"Solution";3
"2988";"solutions";44
"2989";"Solutions";3
"2990";"solve";4
"2991";"Solve";1
"2992";"solved";6
"2993";"solver";1
"2994";"solving";10
"2995";"Solving";1
"2996";"someone";2
"2997";"Sonepar";1
"2998";"soon";6
"2999";"SOP";1
"3000";"Sound";1
"3001";"source";3
"3002";"sources";2
"3003";"sourcing";2
"3004";"South";1
"3005";"space";1
"3006";"speak";2
"3007";"speaker";2
"3008";"speaking";4
"3009";"speaks";1
"3010";"special";4
"3011";"SPECIAL";1
"3012";"specialist";2
"3013";"Specialist";4
"3014";"Specialists";1
"3015";"specialized";2
"3016";"specific";4
"3017";"Specific";2
"3018";"specification";3
"3019";"specifications";9
"3020";"specified";1
"3021";"speech";1
"3022";"spend";1
"3023";"spending";2
"3024";"spirit";5
"3025";"SPNs";2
"3026";"spoken";12
"3027";"sponsorship";1
"3028";"spreadsheets";2
"3029";"SpringMVC";1
"3030";"sql";1
"3031";"Sql";1
"3032";"SQl";3
"3033";"SQL";100
"3034";"SQL2008";1
"3035";"SQLite";2
"3036";"SQLServer";4
"3037";"SRM";5
"3038";"SRSS";1
"3039";"SSH";1
"3040";"SSIS";3
"3041";"SSL";2
"3042";"SSRS";20
"3043";"SSU";1
"3044";"st";1
"3045";"staff";13
"3046";"staffing";1
"3047";"staffs";6
"3048";"stakeholder";3
"3049";"stakeholders";14
"3050";"standard";7
"3051";"standards";12
"3052";"starter";4
"3053";"startup";1
"3054";"state";2
"3055";"stated";2
"3056";"statistical";2
"3057";"statistics";2
"3058";"status";4
"3059";"stay";3
"3060";"Stay";1
"3061";"steps";4
"3062";"stick";2
"3063";"still";1
"3064";"stimulate";2
"3065";"stock";4
"3066";"Stock";1
"3067";"Storage";1
"3068";"stores";1
"3069";"Stores";1
"3070";"stories";2
"3071";"story";1
"3072";"straight";1
"3073";"strategic";10
"3074";"Strategic";1
"3075";"strategies";13
"3076";"strategy";39
"3077";"strengthen";6
"3078";"stress";1
"3079";"stretage";6
"3080";"stretch";1
"3081";"Strive";1
"3082";"strong";28
"3083";"Strong";37
"3084";"strongly";1
"3085";"structure";10
"3086";"Structure";1
"3087";"structured";2
"3088";"structuring";2
"3089";"student";6
"3090";"students";4
"3091";"studies";1
"3092";"studio";2
"3093";"Studio";10
"3094";"study";2
"3095";"sub";1
"3096";"subject";2
"3097";"Subject";1
"3098";"subjects";1
"3099";"submission";2
"3100";"submit";1
"3101";"Submit";1
"3102";"submits";1
"3103";"subscription";1
"3104";"subscriptions";1
"3105";"subsidiary";14
"3106";"Subsystem";1
"3107";"succeed";2
"3108";"success";6
"3109";"successes";1
"3110";"successful";13
"3111";"Successful";1
"3112";"successfully";3
"3113";"Successfully";1
"3114";"Succinctly";1
"3115";"such";17
"3116";"sufficient";1
"3117";"sugar";1
"3118";"suggest";1
"3119";"suggestions";1
"3120";"suitable";2
"3121";"Suite";2
"3122";"summaries";1
"3123";"Summary";1
"3124";"SUMMARY";1
"3125";"super";1
"3126";"Super";1
"3127";"Superior";1
"3128";"supervise";1
"3129";"supervision";2
"3130";"Supervision";2
"3131";"Supervisor";1
"3132";"supervisors";1
"3133";"supplier";2
"3134";"suppliers";1
"3135";"Suppliers";1
"3136";"supply";1
"3137";"support";80
"3138";"Support";25
"3139";"supporting";10
"3140";"supports";1
"3141";"Supports";1
"3142";"sure";7
"3143";"surroundings";2
"3144";"suspected";1
"3145";"sustainable";2
"3146";"SVN";1
"3147";"SWEP";3
"3148";"switches";1
"3149";"sycor";6
"3150";"Sycor";20
"3151";"synthesize";2
"3152";"system";77
"3153";"System";6
"3154";"systematic";7
"3155";"systematically";1
"3156";"systems";39
"3157";"Systems";6
"3158";"SZ";2
"3159";"t";1
"3160";"T";3
"3161";"table";1
"3162";"Tableau";2
"3163";"tactical";1
"3164";"tactics";1
"3165";"tail";1
"3166";"Taiwan";3
"3167";"take";17
"3168";"Take";1
"3169";"takes";1
"3170";"talent";1
"3171";"talented";2
"3172";"talk";1
"3173";"target";18
"3174";"targeted";1
"3175";"targeting";1
"3176";"targets";20
"3177";"task";2
"3178";"tasks";18
"3179";"TCP";1
"3180";"TDDs";1
"3181";"TE";1
"3182";"teachers";2
"3183";"teaching";2
"3184";"team";100
"3185";"Team";17
"3186";"teambuilding";1
"3187";"teams";19
"3188";"teamwork";4
"3189";"tech";9
"3190";"technical";40
"3191";"Technical";11
"3192";"TECHNICAL";6
"3193";"technicians";2
"3194";"techniques";5
"3195";"technologies";15
"3196";"technology";10
"3197";"Technology";3
"3198";"Tectura";12
"3199";"Tektronix";1
"3200";"telemarketing";1
"3201";"Telemarketing";1
"3202";"telephone";2
"3203";"Teletech";1
"3204";"template";1
"3205";"templates";2
"3206";"tenders";2
"3207";"term";2
"3208";"Term";1
"3209";"terms";7
"3210";"territories";4
"3211";"territory";4
"3212";"Territory";7
"3213";"test";13
"3214";"Test";1
"3215";"testing";20
"3216";"Testing";1
"3217";"tests";1
"3218";"TFS";1
"3219";"th";1
"3220";"than";7
"3221";"that";46
"3222";"THAT";1
"3223";"the";549
"3224";"The";73
"3225";"THE";4
"3226";"their";27
"3227";"them";7
"3228";"themselves";1
"3229";"there";1
"3230";"thermal";1
"3231";"Thermal";1
"3232";"Thermodynamics";1
"3233";"these";3
"3234";"they";5
"3235";"think";2
"3236";"thinker";3
"3237";"thinking";5
"3238";"Thinking";1
"3239";"third";3
"3240";"Third";1
"3241";"this";11
"3242";"This";11
"3243";"thorough";6
"3244";"thoroughness";2
"3245";"those";4
"3246";"three";3
"3247";"thrives";1
"3248";"through";50
"3249";"Tianjin";7
"3250";"ticket";2
"3251";"ticketing";1
"3252";"tickets";1
"3253";"tier";3
"3254";"Tier";4
"3255";"tiger";2
"3256";"tight";2
"3257";"time";30
"3258";"timelines";2
"3259";"timely";10
"3260";"Timely";2
"3261";"times";3
"3262";"Title";4
"3263";"TMS";5
"3264";"to";644
"3265";"To";45
"3266";"TO";1
"3267";"together";9
"3268";"Tomcat";1
"3269";"tone";1
"3270";"tool";4
"3271";"tools";24
"3272";"Tools";1
"3273";"top";11
"3274";"Top";1
"3275";"Top20";1
"3276";"topics";2
"3277";"tours";1
"3278";"toward";1
"3279";"towards";2
"3280";"track";11
"3281";"Track";5
"3282";"tracking";2
"3283";"trade";8
"3284";"Trade";1
"3285";"tradeshows";2
"3286";"trading";2
"3287";"traditional";3
"3288";"traffic";1
"3289";"Traffic";2
"3290";"train";3
"3291";"Train";1
"3292";"trained";1
"3293";"trainers";1
"3294";"training";45
"3295";"TRAINING";6
"3296";"Trains";1
"3297";"transaction";1
"3298";"transactions";4
"3299";"transfer";2
"3300";"Transfer";1
"3301";"translate";6
"3302";"translated";1
"3303";"translates";2
"3304";"Translating";1
"3305";"translation";1
"3306";"travel";24
"3307";"Travel";2
"3308";"treat";2
"3309";"trend";8
"3310";"trends";8
"3311";"trouble";1
"3312";"Trouble";1
"3313";"troubleshoot";4
"3314";"troubleshooting";6
"3315";"true";1
"3316";"trust";1
"3317";"trusted";2
"3318";"Trustworthy";1
"3319";"trying";1
"3320";"ttingen";3
"3321";"turnaround";2
"3322";"turning";1
"3323";"two";4
"3324";"Type";1
"3325";"Typical";3
"3326";"typically";2
"3327";"UAE";1
"3328";"UAT";2
"3329";"Ultimus";1
"3330";"under";11
"3331";"undergo";2
"3332";"underlying";2
"3333";"Understading";2
"3334";"understand";16
"3335";"Understand";6
"3336";"understanding";17
"3337";"Understanding";5
"3338";"understandings";1
"3339";"understands";1
"3340";"understood";2
"3341";"Unified";3
"3342";"unique";1
"3343";"unit";2
"3344";"Unit";1
"3345";"Units";1
"3346";"Universal";1
"3347";"university";2
"3348";"University";5
"3349";"unstructured";1
"3350";"until";1
"3351";"UNUSUAL";1
"3352";"up";42
"3353";"update";4
"3354";"updates";1
"3355";"updating";1
"3356";"Updating";1
"3357";"upgrade";2
"3358";"upgrades";3
"3359";"upgrading";1
"3360";"upload";1
"3361";"uploading";1
"3362";"upon";6
"3363";"urgency";1
"3364";"us";6
"3365";"Us";2
"3366";"US";1
"3367";"usage";1
"3368";"usages";1
"3369";"use";15
"3370";"used";5
"3371";"user";25
"3372";"User";1
"3373";"User32";1
"3374";"users";32
"3375";"using";15
"3376";"utilities";1
"3377";"utilization";5
"3378";"utilize";1
"3379";"Utilizes";1
"3380";"utilizing";1
"3381";"utmost";2
"3382";"v";2
"3383";"V";1
"3384";"V2011";7
"3385";"V2013";7
"3386";"V2016";7
"3387";"value";10
"3388";"values";1
"3389";"varied";1
"3390";"variety";4
"3391";"various";23
"3392";"varying";1
"3393";"VB";2
"3394";"VBA";2
"3395";"vendor";5
"3396";"vendors";7
"3397";"verbal";19
"3398";"versed";2
"3399";"version";1
"3400";"vertical";5
"3401";"very";1
"3402";"Very";4
"3403";"via";15
"3404";"video";1
"3405";"videos";1
"3406";"view";2
"3407";"View";1
"3408";"virtual";1
"3409";"virtualization";1
"3410";"Visio";2
"3411";"vision";3
"3412";"visit";7
"3413";"visiting";1
"3414";"visits";7
"3415";"Vista";1
"3416";"visual";3
"3417";"Visual";10
"3418";"visualization";1
"3419";"visualizations";1
"3420";"VisualStudio";1
"3421";"VKB";2
"3422";"VM";1
"3423";"VMWare";3
"3424";"volume";1
"3425";"VP";2
"3426";"VPN";1
"3427";"VS2010";1
"3428";"VS2015";1
"3429";"VSS";1
"3430";"VUE";2
"3431";"walkthrough";2
"3432";"Wallet";1
"3433";"Want";2
"3434";"wants";1
"3435";"Warehouse";1
"3436";"warranty";1
"3437";"watch";1
"3438";"water";1
"3439";"WCF";13
"3440";"we";34
"3441";"We";26
"3442";"web";1
"3443";"Web";40
"3444";"WEB";2
"3445";"WebAPI";3
"3446";"Webinars";1
"3447";"weblogic";1
"3448";"Webservice";3
"3449";"WebService";12
"3450";"website";5
"3451";"Website";3
"3452";"websites";1
"3453";"websphare";1
"3454";"wechat";2
"3455";"Wechat";5
"3456";"WeChat";1
"3457";"weekly";2
"3458";"Weekly";2
"3459";"Welcome";1
"3460";"well";29
"3461";"Well";2
"3462";"What";7
"3463";"when";4
"3464";"whenever";1
"3465";"where";31
"3466";"wherever";1
"3467";"which";6
"3468";"while";2
"3469";"whilst";2
"3470";"whisky";1
"3471";"whitepaper";1
"3472";"who";18
"3473";"Who";1
"3474";"whole";1
"3475";"Wholesales";1
"3476";"wide";2
"3477";"will";49
"3478";"Will";2
"3479";"willing";6
"3480";"Willing";6
"3481";"willingness";1
"3482";"Willingness";8
"3483";"win";1
"3484";"Win";2
"3485";"Windows";17
"3486";"winform";2
"3487";"WinForm";2
"3488";"wins";2
"3489";"with";389
"3490";"With";12
"3491";"within";34
"3492";"without";2
"3493";"WMS";3
"3494";"woman";4
"3495";"Word";3
"3496";"WORD";2
"3497";"work";82
"3498";"Work";28
"3499";"workarounds";1
"3500";"workflow";1
"3501";"workflows";3
"3502";"working";44
"3503";"Working";12
"3504";"worklight";1
"3505";"works";9
"3506";"Works";4
"3507";"workshops";2
"3508";"workstation";1
"3509";"world";3
"3510";"worldview";2
"3511";"would";5
"3512";"write";6
"3513";"Writer";2
"3514";"writing";7
"3515";"Writing";1
"3516";"written";43
"3517";"WW";1
"3518";"www";14
"3519";"x";1
"3520";"X";2
"3521";"XML";12
"3522";"XP";1
"3523";"xRM";1
"3524";"XRM";6
"3525";"year";5
"3526";"Year";2
"3527";"years";84
"3528";"you";10
"3529";"You";23
"3530";"Youku";1
"3531";"your";29
"3532";"YOY";1
"3533";"yrs";1
"3534";"Z";1
"3535";"Zoho";1
"3536";"°®ºÃ";4
"3537";"°²¼ª¶û";4
"3538";"°²ÅÅ";14
"3539";"°²È«";7
"3540";"°²×°";2
"3541";"°²×¿";2
"3542";"°´";18
"3543";"°´¼Æ»®";2
"3544";"°´Ê±";1
"3545";"°´ÕÕ";10
"3546";"°¸Àý";2
"3547";"°Ñ";1
"3548";"°ÑÎÕ";7
"3549";"°É";1
"3550";"°ÙÍò";1
"3551";"°Ý·Ã";7
"3552";"°à³µ";1
"3553";"°æ";1
"3554";"°æ±¾";3
"3555";"°æ±¾¿ØÖÆ";2
"3556";"°ì¹«";1
"3557";"°ì¹«Éè±¸";2
"3558";"°ïÖú";9
"3559";"°ü";3
"3560";"°üº¬";10
"3561";"°üÀ¨";64
"3562";"°ü×°";1
"3563";"±£³Ö";4
"3564";"±£³ÖÁ¼ºÃ";8
"3565";"±£³ÖÒ»ÖÂ";1
"3566";"±£ÏÕ";1
"3567";"±£ÕÏ";2
"3568";"±£Ö¤";2
"3569";"±¨±í";24
"3570";"±¨¸æ";9
"3571";"±¨¼Û";6
"3572";"±¨¼Ûµ¥";1
"3573";"±§¸º";1
"3574";"±±¾©";7
"3575";"±¸·Ý";2
"3576";"±³ºó";4
"3577";"±³¾°";17
"3578";"±»";1
"3579";"±¾";3
"3580";"±¾µØ";4
"3581";"±¾¿Æ";40
"3582";"±¾¿ÆÑ§Àú";3
"3583";"±È";1
"3584";"±È½Ï";10
"3585";"±ÈÀûÊ±";2
"3586";"±ÈÈç";2
"3587";"±Ø±¸";1
"3588";"±ØÐë";10
"3589";"±ØÒª";5
"3590";"±ØÒªÌõ¼þ";1
"3591";"±ÏÂíÍþ";1
"3592";"±ÏÒµ";8
"3593";"±ÏÒµÉú";2
"3594";"±Õ»·";1
"3595";"±à³Ì";27
"3596";"±à³Ì¼¼Êõ";4
"3597";"±à¼­";5
"3598";"±àÂë";15
"3599";"±àÐ´";69
"3600";"±àÖÆ";2
"3601";"±ä¸ï";1
"3602";"±ä¸ü";10
"3603";"±êµÄ";1
"3604";"±êÇ©";1
"3605";"±êÊé";2
"3606";"±ê×¼";8
"3607";"±ê×¼»¯";14
"3608";"±ê×¼½Ó¿Ú";1
"3609";"±í´ï";9
"3610";"±í´ïÄÜÁ¦";39
"3611";"±íÃæ";4
"3612";"±íÏÖ";2
"3613";"²¢";151
"3614";"²¢·¢";2
"3615";"²¢ÇÒ";7
"3616";"²¦´ò";1
"3617";"²¦Èë";1
"3618";"²©¿Í";1
"3619";"²¹¶¡";1
"3620";"²¹¶¡°ü";2
"3621";"²¹Ìù";1
"3622";"²¹Öú";3
"3623";"²¶×½";1
"3624";"²»";6
"3625";"²»¶¨ÆÚ";6
"3626";"²»¶Ï";9
"3627";"²»¶Ï¸Ä½ø";1
"3628";"²»»á";1
"3629";"²»½ö½ö";1
"3630";"²»ÉÙ";2
"3631";"²»ÊÇ";1
"3632";"²»Í¬";6
"3633";"²»ÏÞ";2
"3634";"²»ÖÁÓÚ";1
"3635";"²¼¾Ö";4
"3636";"²¼ÖÃ";6
"3637";"²½·¥";1
"3638";"²¿·Ö";2
"3639";"²¿ÃÅ";42
"3640";"²¿ÃÅ¾­Àí";2
"3641";"²¿Êð";19
"3642";"²ÄÁÏ";1
"3643";"²Æ¾­";1
"3644";"²ÆÎñ";14
"3645";"²ÆÎñ²¿ÃÅ";1
"3646";"²ÆÎñ¹ÜÀí";2
"3647";"²ÆÎñ¾­Àí";2
"3648";"²ÆÎñ×Ü¼à";2
"3649";"²É¹º";4
"3650";"²É¾ò";2
"3651";"²ÉÈ¡";6
"3652";"²Î¼Ó";2
"3653";"²Î¿¼";1
"3654";"²ÎÓë";92
"3655";"²Ö¿â";6
"3656";"²ÙÊØ";5
"3657";"²Ù×÷";17
"3658";"²Ù×÷¼¼ÄÜ";6
"3659";"²âÁ¿";4
"3660";"²âÊÔ";51
"3661";"²âÊÔ±¨¸æ";2
"3662";"²âÊÔ·½·¨";1
"3663";"²âÊÔ¼Æ»®";2
"3664";"²âÊÔÈËÔ±";3
"3665";"²âÊÔÓÃÀý";4
"3666";"²ß»®";5
"3667";"²ßÂÔ";9
"3668";"²ãÃæ";2
"3669";"Ôø¾­";1
"3670";"²å¼þ";16
"3671";"²é´í";1
"3672";"²é¿´";2
"3673";"²éÑ¯";4
"3674";"²îÒì";1
"3675";"²úÆ·";127
"3676";"²úÆ·¿ª·¢";2
"3677";"²úÆ·Éè¼Æ";1
"3678";"²úÆ·ÏúÊÛ";1
"3679";"²úÏß";1
"3680";"²ûÊö";2
"3681";"³¢ÊÔ";4
"3682";"³£¼û";1
"3683";"³£ÓÃ";10
"3684";"³£×¤";1
"3685";"³§ÉÌ";1
"3686";"³¡¾°";2
"3687";"³©Í¨";1
"3688";"³É";2
"3689";"³É±¾";14
"3690";"³É±¾ºËËã";1
"3691";"³É¹¦";10
"3692";"³É¼¨";3
"3693";"³ÉÁ¢";1
"3694";"³ÉÊì";2
"3695";"³ÉÎª";4
"3696";"³ÉÔ±";8
"3697";"³É³¤";5
"3698";"³É³¤ÐÍ";1
"3699";"³ÊÏÖ";2
"3700";"³Ï¿Ò";1
"3701";"³ÏÐÅ";6
"3702";"³Ðµ£";22
"3703";"³Ð½Ó";1
"3704";"³ÐÊÜ";9
"3705";"³ÌÐò";2
"3706";"³ÌÐò´úÂë";1
"3707";"³ÌÐò¿ª·¢";4
"3708";"³ÌÐòÉè¼Æ";1
"3709";"³ÌÐòÐÞ¸Ä";2
"3710";"³Ö¹É";1
"3711";"³ÖÐø";11
"3712";"³ÖÓÐ";7
"3713";"³éÈ¡";3
"3714";"³éÏóË¼Î¬";1
"3715";"³ï»®";1
"3716";"³ö";2
"3717";"³ö°æ";2
"3718";"³ö²î";32
"3719";"³öÐÐ";1
"3720";"³öÀ´";1
"3721";"³öÉ«";5
"3722";"³õ´´";1
"3723";"³õÖÔ";2
"3724";"´¢±¸";1
"3725";"´¢´æ";1
"3726";"´¦Àí";19
"3727";"´¦ÖÃ";1
"3728";"´¥·¢Æ÷";1
"3729";"´«²¥";1
"3730";"´«Êä";1
"3731";"´´½¨";16
"3732";"´´ÐÂ";9
"3733";"´´ÐÂÄÜÁ¦";6
"3734";"´´Òµ";2
"3735";"´´Òâ";3
"3736";"´´Ôì";4
"3737";"´´ÔìÐÔ";2
"3738";"´Ë";2
"3739";"´ËÀà";3
"3740";"´Ó";8
"3741";"´Ó¶ø";1
"3742";"´ÓÊÂ";7
"3743";"´ÓÒµ";1
"3744";"´Ù³É";1
"3745";"´Ù½ø";1
"3746";"´ÙÊ¹";1
"3747";"´æ´¢";10
"3748";"´æ´¢ÏµÍ³";1
"3749";"´æÔÚ";2
"3750";"´íÎó";1
"3751";"´î½¨";9
"3752";"´ï³É";7
"3753";"´ðÒÉ";2
"3754";"´òÓ¡»ú";1
"3755";"´òÔì";1
"3756";"´ó";8
"3757";"´ó¶àÊý";2
"3758";"´ó¹æÄ£";1
"3759";"´ó¼Ò×å";4
"3760";"´óÁ¬";1
"3761";"´óËÄ";1
"3762";"´óÐÍ";21
"3763";"´óÐÍÏîÄ¿";7
"3764";"´óÑ§";1
"3765";"´óÑ§±¾¿Æ";16
"3766";"´ó×¨";6
"3767";"´ú±í";5
"3768";"´úÀí";6
"3769";"´úÀíÉÌ";1
"3770";"´úÂë";20
"3771";"´øÁì";9
"3772";"´øÐ½";10
"3773";"µ£ÈÎ";4
"3774";"µ¥";2
"3775";"µ¥Ò»";1
"3776";"µ¥Ôª";1
"3777";"µ¥Ôª²âÊÔ";5
"3778";"µ«";7
"3779";"µ±Ç°";1
"3780";"µµ°¸";1
"3781";"µ¼Ê¦";3
"3782";"µ¼Ïò";14
"3783";"µ½";15
"3784";"µÄ";1310
"3785";"µÇÂ½";1
"3786";"µÈ";228
"3787";"µÈµÈ";1
"3788";"µÈ¼¶";1
"3789";"µ×²ã";1
"3790";"µØ";6
"3791";"µØµã";9
"3792";"µØÇø";1
"3793";"µØÍ¼";1
"3794";"µØÎª";1
"3795";"µØÖ·";3
"3796";"µÚÈý·½";3
"3797";"µÚËÄ";1
"3798";"µã";1
"3799";"µç´Å³¡";1
"3800";"µç»°";9
"3801";"µçÄÔ";6
"3802";"µç×Ó";2
"3803";"µç×Ó¿Æ¼¼";1
"3804";"µç×ÓÉÌÎñ";4
"3805";"µç×ÓÓÊ¼þ";4
"3806";"µì¶¨";1
"3807";"µü´ú";1
"3808";"¶©µ¥";2
"3809";"¶©ÔÄ";1
"3810";"¶¨Á¿";1
"3811";"¶¨ÆÚ";2
"3812";"¶¨Ê±";3
"3813";"¶¨Î»";3
"3814";"¶¨ÐÔ";1
"3815";"¶¨Òå";3
"3816";"¶¨ÒåÐÂ";1
"3817";"¶¨ÖÆ";17
"3818";"¶«¾©";1
"3819";"¶®";2
"3820";"¶®µÃ";1
"3821";"¶¯Á¦¹¤³Ì";1
"3822";"¶¯Ì¬";2
"3823";"¶´²ì";6
"3824";"¶´²ìÁ¦";1
"3825";"¶ÀÁ¢";32
"3826";"¶Á";2
"3827";"¶ÁÐ´";5
"3828";"¶ÁÐ´ÄÜÁ¦";6
"3829";"¶Ë";11
"3830";"¶ÌÆÚ";2
"3831";"¶ÌÐÅ";1
"3832";"¶ÍÁ¶";1
"3833";"¶ÓÁÐ";3
"3834";"¶Ô";112
"3835";"¶Ô½Ó";4
"3836";"¶Ô¿Ú";1
"3837";"¶ÔÆë";1
"3838";"¶ÔÍâ²¿";2
"3839";"¶ÔÏó";2
"3840";"¶ÔÓ¦";1
"3841";"¶ÔÓÚ";5
"3842";"¶à";15
"3843";"¶à²ã";4
"3844";"¶à¸ö";1
"3845";"¶àÈÎÎñ";2
"3846";"¶àÈÕ";1
"3847";"¶àÌõ";1
"3848";"¶àÏß³Ì";7
"3849";"¶àÖÖ";3
"3850";"¶àÖÖÊÖ¶Î";1
"3851";"¶ø";1
"3852";"¶þ´Î";1
"3853";"¶þ´Î¿ª·¢";21
"3854";"¶þ¼¶";1
"3855";"¶þÄê";1
"3856";"·¢±í";2
"3857";"·¢²¼";6
"3858";"·¢µ½";1
"3859";"·¢¸ø";1
"3860";"·¢Æ±";1
"3861";"·¢ËÍÊý¾Ý";1
"3862";"·¢ÏÖ";8
"3863";"·¢Õ¹";23
"3864";"·¢Õ¹Ç÷ÊÆ";8
"3865";"·¨¶¨";1
"3866";"·¨¹ú";2
"3867";"·¨ÁÖÍß";2
"3868";"·¨×Ê";3
"3869";"·­Òë";2
"3870";"·±ÌåÖÐÎÄ";1
"3871";"·´À¡";12
"3872";"·´Ó¦";1
"3873";"·´Ó³";1
"3874";"·¶Î§";2
"3875";"·½";1
"3876";"·½°¸";70
"3877";"·½°¸Éè¼Æ";5
"3878";"·½·¨";5
"3879";"·½·¨ÂÛ";1
"3880";"·½Ãæ";15
"3881";"·½Ê½";6
"3882";"·½Îª";5
"3883";"·½Ïò";16
"3884";"·À»ðÇ½";2
"3885";"·Ç";9
"3886";"·Ö";1
"3887";"·Ö²ã";1
"3888";"·Ö·¢";1
"3889";"·ÖÀà";3
"3890";"·ÖÅä";4
"3891";"·ÖÎö";146
"3892";"·ÖÎö·½·¨";1
"3893";"·ÖÎöÄ£ÐÍ";1
"3894";"·ÖÎöÅÐ¶Ï";5
"3895";"·ÖÎöÔ±";1
"3896";"·ÖÏí";202
"3897";"·×";1
"3898";"·ÕÎ§";1
"3899";"·á¸»";4
"3900";"·áºñ";1
"3901";"·ç¸ñ";3
"3902";"·çÏÕ";7
"3903";"·þÎñ";31
"3904";"·þÎñÆ÷";8
"3905";"·þÎñÖÐÐÄ";1
"3906";"¸£²¼Ë¹";1
"3907";"¸£Àû";6
"3908";"¸¨µ¼";1
"3909";"¸¨Öú";1
"3910";"¸ºÔð";190
"3911";"¸ºÔð¹ÜÀí";1
"3912";"¸ºÔðÈË";2
"3913";"¸·³ÉÃÅ";1
"3914";"¸´ÔÓ";4
"3915";"¸»ÓÐ";4
"3916";"¸Ã";14
"3917";"¸Ä±ä";2
"3918";"¸Ä½ø";14
"3919";"¸ÄÉÆ";5
"3920";"¸ÄÔì";1
"3921";"¸ÅÄî";1
"3922";"¸ÅÊö";5
"3923";"¸ÅÒª";4
"3924";"¸ÒÓÚ";4
"3925";"¸ÕÈë";1
"3926";"¸ÚÎ»";33
"3927";"¸ÚÎ»Ö°Ôð";55
"3928";"¸ß";7
"3929";"¸ß¶È";5
"3930";"¸ß·Ö×Ó";1
"3931";"¸ß¼¶";41
"3932";"¸ß¼¨Ð§";4
"3933";"¸ß¿Æ¼¼";7
"3934";"¸ßÇ¿¶È";12
"3935";"¸ßÐ§";4
"3936";"¸ßÐ§ÐÔ";3
"3937";"¸ßÖÊÁ¿";5
"3938";"¸èÂ½";1
"3939";"¸ö";12
"3940";"¸öÈË";7
"3941";"¸öÐÔ»¯";1
"3942";"¸÷";23
"3943";"¸÷¸ö";4
"3944";"¸÷Àà";3
"3945";"¸÷Ê½";1
"3946";"¸÷Ïî";1
"3947";"¸÷ÖÖ";15
"3948";"¸÷ÖÖÇþµÀ";7
"3949";"¸ø";4
"3950";"¸ø³ö";7
"3951";"¸øÓè";3
"3952";"¸ù¾Ý";59
"3953";"¸úµ¥";1
"3954";"¸ú½ø";8
"3955";"¸ú×Ù";11
"3956";"¸ü";13
"3957";"¸üºÃ";2
"3958";"¸ü¼Ñ";3
"3959";"¸üÐÂ";7
"3960";"¹¤";1
"3961";"¹¤³Ì";3
"3962";"¹¤³ÌÁ¦Ñ§";1
"3963";"¹¤³ÌÊ¦";143
"3964";"¹¤µ¥";2
"3965";"¹¤¾ß";24
"3966";"¹¤ÆÚ";4
"3967";"¹¤Òµ";6
"3968";"¹¤×÷";361
"3969";"¹¤×÷²Í";1
"3970";"¹«¹Ø»î¶¯";1
"3971";"¹«Ê½";1
"3972";"¹«Ë¾";88
"3973";"¹«ÖÚ";5
"3974";"¹¦µ×";3
"3975";"¹¦ÄÜ";40
"3976";"¹¦ÄÜ²âÊÔ";1
"3977";"¹¦ÄÜ·ÖÎö";1
"3978";"¹¦ÄÜÄ£¿é";2
"3979";"¹¦ÄÜÉè¼Æ";16
"3980";"¹¦ÄÜÐÔ";2
"3981";"¹²ÊÂ";1
"3982";"¹²Í¬";1
"3983";"¹²Ïí";1
"3984";"¹²ÐÔ";1
"3985";"¹±Ï×";1
"3986";"¹©Ó¦Á´";1
"3987";"¹©Ó¦ÉÌ";7
"3988";"¹µÍ¨";136
"3989";"¹¹¼Ü";2
"3990";"¹¹½¨";8
"3991";"¹Ì»¯";1
"3992";"¹Ì×Ê";1
"3993";"¹ÊÊÂ";1
"3994";"¹ÊÕÏ";9
"3995";"¹Ë¿Í";5
"3996";"¹ËÎÊ";61
"3997";"¹Ø±Õ";1
"3998";"¹Ø¼ü";2
"3999";"¹Ø¼ü´Ê";1
"4000";"¹Ø¼üÐÔ";3
"4001";"¹Ø¼ü×Ö";93
"4002";"¹ØÏµ";24
"4003";"¹ØÓÚ";3
"4004";"¹Ø×¢";6
"4005";"¹ÛÄî";4
"4006";"¹Ü¿Ø";2
"4007";"¹ÜÀí";127
"4008";"¹ÜÀí²ã";14
"4009";"¹ÜÀí¹¤×÷";4
"4010";"¹ÜÀí»úÖÆ";1
"4011";"¹ÜÀíÈËÔ±";1
"4012";"¹ÜÀíÈí¼þ";2
"4013";"¹ÜÀíÏµÍ³";5
"4014";"¹ÜÀíÐÅÏ¢ÏµÍ³";1
"4015";"¹ÜÀíÔ±";7
"4016";"¹ã³¡";1
"4017";"¹ã¶«»°";1
"4018";"¹ã¶«Ê¡";1
"4019";"¹ãÖÝ";6
"4020";"¹æ¶¨";1
"4021";"¹æ·¶";12
"4022";"¹æ·¶»¯";14
"4023";"¹æ¸ñ";3
"4024";"¹æ¸ñÊé";1
"4025";"¹æ»®";22
"4026";"¹æ»®Éè¼Æ";1
"4027";"¹ú¼Ê";6
"4028";"¹ú¼Ò";2
"4029";"¹úÄÚ";1
"4030";"¹úÄÚÍâ";6
"4031";"¹úÍâ";2
"4032";"¹ý";12
"4033";"¹ý³Ì";25
"4034";"»¹";1
"4035";"º£Íâ";2
"4036";"º¬";5
"4037";"º¯Êý";1
"4038";"ÐÐ¶¯¼Æ»®";6
"4039";"ÐÐÒµ";43
"4040";"ÐÐÒµ¶¯Ì¬";1
"4041";"º¼ÖÝ";2
"4042";"ºÃ";26
"4043";"ºÅ";4
"4044";"ºÏÀí";6
"4045";"ºÏÀí°²ÅÅ";2
"4046";"ºÏÊÊ";6
"4047";"ºÏÍ¬";4
"4048";"ºÏ×÷";82
"4049";"ºÏ×÷»ï°é";2
"4050";"ºÏ×÷Õß";1
"4051";"ºÍ";559
"4052";"ºËÐÄ";7
"4053";"ºËÐÄ³ÉÔ±";1
"4054";"ºËÐÄÀíÄî";1
"4055";"ºÜ";5
"4056";"ºâÁ¿";6
"4057";"ºê";1
"4058";"ºó";8
"4059";"ºó¶Ë";2
"4060";"ºóÆ½";1
"4061";"ºóÆÚ";1
"4062";"ºóÌ¨";3
"4063";"ºóÐø";3
"4064";"ºòÑ¡ÈË";13
"4065";"ºô½Ð";5
"4066";"»¥¶¯";1
"4067";"»¥ÁªÍø";10
"4068";"»¥ÁªÍø°²È«";1
"4069";"»ªÄÏ";5
"4070";"»¯";16
"4071";"»¯¹¤¼¯ÍÅ";1
"4072";"»¯¼°";1
"4073";"»¯Ñ§Æ·";1
"4074";"»¶Ó­";1
"4075";"»¶Ó­Äú";2
"4076";"»·¾³";17
"4077";"»»ÈÈ";1
"4078";"»Ö¸´";1
"4079";"»Ø±¨ÂÊ";2
"4080";"»Ø´ð";4
"4081";"»Ø·Ã";1
"4082";"»Ø¸´";3
"4083";"»Ø¿î";1
"4084";"»ã±¨";8
"4085";"»ãºÏ";1
"4086";"»á";3
"4087";"»á¼Æ";2
"4088";"»á¼á";1
"4089";"»áÒé";1
"4090";"»áÔ±";9
"4091";"»æÖÆ";1
"4092";"»ÝµÂ";1
"4093";"»î¶¯";22
"4094";"»îÔ¾";1
"4095";"»ò";84
"4096";"»òµç×ÓÓÊ¼þ";1
"4097";"»ò¿Í";1
"4098";"»òÄÜ";1
"4099";"»òÊÇ";1
"4100";"»òÕß";13
"4101";"»õÔË";12
"4102";"»ñµÃ";14
"4103";"»ñÈ¡";3
"4104";"»ñÈ¡Êý¾Ý";1
"4105";"»ú·¿Éè±¸";1
"4106";"»ú»á";18
"4107";"»úÆ÷ÈË";1
"4108";"»úÐµ¹¤³Ì";1
"4109";"»úÖÆ";4
"4110";"»ý·Ö";2
"4111";"»ý¼«";15
"4112";"»ý¼«Ö÷¶¯";9
"4113";"»ýÀÛ";1
"4114";"»ýÑ¹";1
"4115";"»ù±¾";8
"4116";"»ù±¾²Ù×÷";1
"4117";"»ù±¾¸ÅÄî";1
"4118";"»ù±¾¹¦ÄÜ";1
"4119";"»ù±¾ÖªÊ¶";2
"4120";"»ù´¡";9
"4121";"»ù´¡¼Ü¹¹";3
"4122";"»ù´¡ÀíÂÛ";2
"4123";"»ù´¡ÉèÊ©";1
"4124";"»ù´¡ÖªÊ¶";4
"4125";"»ù½ð";1
"4126";"»ùÓÚ";23
"4127";"¼¤»î";1
"4128";"¼¤½ø";1
"4129";"¼¤Àø";6
"4130";"¼¤Çé";9
"4131";"¼°";239
"4132";"¼°Æä";14
"4133";"¼°Ê±";31
"4134";"¼°Ê±·¢ÏÖ";1
"4135";"¼³È¡";2
"4136";"¼¶";6
"4137";"¼«";4
"4138";"¼«Ç¿";1
"4139";"¼´";4
"4140";"¼¯";4
"4141";"¼¯³É";25
"4142";"¼¯ÍÅ";6
"4143";"¼¸¸ö";1
"4144";"¼Æ»®";11
"4145";"¼Æ»®ÐÔ";1
"4146";"¼ÆÁ¿";1
"4147";"¼ÆËã»ú";39
"4148";"¼ÆËã»ú¿ÆÑ§";5
"4149";"¼ÆËã»úÈí¼þ";4
"4150";"¼ÆËã»úÏµÍ³";1
"4151";"¼ÆËã»úÏà¹Ø";18
"4152";"¼ÆËã»úÐÅÏ¢";2
"4153";"¼ÆËã»ú×¨Òµ";1
"4154";"¼ÇÂ¼";4
"4155";"¼¼ÄÜ";40
"4156";"¼¼ÇÉ";22
"4157";"¼¼Êõ";194
"4158";"¼¼Êõ´´ÐÂ";1
"4159";"¼¼Êõ¸ïÐÂ";1
"4160";"¼¼Êõ¹ËÎÊ";2
"4161";"¼¼Êõ¹æ·¶";6
"4162";"¼¼Êõ¿ª·¢";19
"4163";"¼¼ÊõÀà";1
"4164";"¼¼ÊõÅàÑµ";1
"4165";"¼¼ÊõÈËÔ±";4
"4166";"¼¼ÊõÖ§³Ö";44
"4167";"¼¾";1
"4168";"¼¾¶È";2
"4169";"¼ÈÓÐ";1
"4170";"¼¨Ð§";3
"4171";"¼Ó°à";2
"4172";"¼ÓÈë";10
"4173";"¼ÓÎ¢ÐÅ";1
"4174";"¼Ñ";4
"4175";"¼ÑÕß";1
"4176";"¼ÎÑï";1
"4177";"¼×·½";1
"4178";"¼Ù";10
"4179";"¼ÙÈÕ";1
"4180";"¼Û¸ñ";6
"4181";"¼ÛÖµ";3
"4182";"¼ÛÖµ¹Û";1
"4183";"¼Ü¹¹";43
"4184";"¼Ü¹¹Éè¼Æ";2
"4185";"¼Ü¹¹Ê¦";1
"4186";"¼ä";3
"4187";"¼äÍ¨ÐÅ";1
"4188";"¼à²â";1
"4189";"¼à¹Ü";1
"4190";"¼à¿Ø";5
"4191";"¼àÀí";1
"4192";"¼ì²â";2
"4193";"¼ì²é";1
"4194";"¼òµ¥";4
"4195";"¼ò½à";1
"4196";"¼òÀú";1
"4197";"¼òÁ·";4
"4198";"½¨Á¢";17
"4199";"½¨Éè";12
"4200";"½¨Òé";5
"4201";"½­¸ÉÇø";1
"4202";"½«";26
"4203";"½«»á";3
"4204";"½²½â";3
"4205";"½±½ð";1
"4206";"½»´ú";3
"4207";"½»¸¶";28
"4208";"½»»¥";4
"4209";"½»»»»ú";2
"4210";"½»½Ó";1
"4211";"½»Á÷";9
"4212";"½»Í¨";2
"4213";"½»Ò×";2
"4214";"½Ç¶È";1
"4215";"½ÇÉ«";8
"4216";"½Å±¾";25
"4217";"½Ï";60
"4218";"½Ï´ó";2
"4219";"½Ï¸ß¼¶";1
"4220";"½ÏÇ¿";49
"4221";"½ÏÎª";2
"4222";"½Ìµ¼";1
"4223";"½ÌÓý";9
"4224";"½×¶Î";9
"4225";"½Ó´¥";3
"4226";"½Ó¿Ú";17
"4227";"½Ó¿Ú¼¼Êõ";1
"4228";"½ÓÊÜ";5
"4229";"½ÚÈÕ";3
"4230";"½Ú×à¿ì";5
"4231";"½á¹¹";2
"4232";"½á¹û";8
"4233";"½â¶Á";2
"4234";"½â¾ö";46
"4235";"½â¾ö·½°¸";58
"4236";"½â¾öÎÊÌâ";24
"4237";"½âÊÍ";3
"4238";"½âÌâ";1
"4239";"½éÉÜ";2
"4240";"½çÃæ";1
"4241";"½è´Ë";1
"4242";"½ð";1
"4243";"½ðÇÅ";2
"4244";"½ðÈÚ";7
"4245";"½ðÈÚ¹ÜÀí";2
"4246";"½öÎª";2
"4247";"½ô¼±";2
"4248";"½ôÃÜ";2
"4249";"½ôÕÅ";1
"4250";"¾¡¿ÉÄÜ";1
"4251";"¾¡¿ì";2
"4252";"½ø³Ì";2
"4253";"½ø¶È";6
"4254";"½øÐÐ";132
"4255";"½øÈ¡¾«Éñ";4
"4256";"½øÈë";1
"4257";"½øÒ»²½";1
"4258";"½øÕ¹";1
"4259";"¾­¼Ã";1
"4260";"¾­Àí";46
"4261";"¾­Àú";3
"4262";"¾­ÏúÉÌ";5
"4263";"¾­Ñé";353
"4264";"¾­Óª";2
"4265";"¾­Óª²ßÂÔ";1
"4266";"¾­ÓªÕß";2
"4267";"¾­ÓÉ";1
"4268";"¾«È·";3
"4269";"¾«Éñ";47
"4270";"¾«Í¨";36
"4271";"¾«×¼";1
"4272";"¾º±ê";3
"4273";"¾ºÕù";3
"4274";"¾ºÕùÁ¦";1
"4275";"¾´Òµ¾«Éñ";3
"4276";"¾ÀÕý";1
"4277";"¾Í";3
"4278";"¾Ù´ë";1
"4279";"¾ß±¸";114
"4280";"¾ßÌå";4
"4281";"¾ßÌåÊµÊ©";2
"4282";"¾ßÓÐ";134
"4283";"¾ö²ß";12
"4284";"¾ö¶¨";6
"4285";"¾ùÐè";1
"4286";"¿ª·¢";343
"4287";"¿ª·¢¹¤¾ß";5
"4288";"¿ª·¢¼Æ»®";1
"4289";"¿ª·¢¼¼Êõ";11
"4290";"¿ª·¢ÈËÔ±";9
"4291";"¿ª·¢Éè¼Æ";2
"4292";"¿ª·¢ÐÂ";2
"4293";"¿ª·¢Õß";3
"4294";"¿ª·¢×ÊÔ´";4
"4295";"¿ª·Å";5
"4296";"¿ªÊ¼";1
"4297";"¿ªÍØ";1
"4298";"¿ªÔ´";8
"4299";"¿ªÕ¹";18
"4300";"é_°l";1
"4301";"¿¹Ñ¹";1
"4302";"¿¼ºË";4
"4303";"¿¼ÂÇ";24
"4304";"¿Æ¼¼";11
"4305";"¿ÆÑ§";1
"4306";"¿É";14
"4307";"¿É¶ÁÐÔ";1
"4308";"¿ÉÐÐÐÔ";2
"4309";"¿ÉÄÜ";3
"4310";"¿ÉÊÓ»¯";2
"4311";"¿ÉÒÔ";15
"4312";"¿ÉÓÃÐÔ";3
"4313";"¿ÉÖ´ÐÐ³ÌÐò";2
"4314";"¿Í";1
"4315";"¿Í·þ";3
"4316";"¿Í»§";244
"4317";"¿Í»§¶Ë";13
"4318";"¿Í»§·þÎñ";12
"4319";"¿Í»§¹ØÏµ";18
"4320";"¿Í»§¾­Àí";11
"4321";"¿Í»§×ÊÔ´";1
"4322";"¿ÍÖÆ»¯";3
"4323";"¿Î³Ì";4
"4324";"¿Ï¶¨";1
"4325";"¿Õ¼ä";1
"4326";"¿Ø";1
"4327";"¿Ø¼þ";2
"4328";"¿ØÖÆ";18
"4329";"¿ØÖÆ¹¤³Ì";1
"4330";"¿ÚÍ·";11
"4331";"¿ÚÓï";3
"4332";"¿â";1
"4333";"¿ç";7
"4334";"¿ì";1
"4335";"¿ì½Ú×à";5
"4336";"¿ì½Ý";1
"4337";"¿ìÀÖ";1
"4338";"¿ìËÙ";28
"4339";"¿î";4
"4340";"¿ñÈÈ";3
"4341";"¿ò¼Ü";14
"4342";"À©Õ¹";2
"4343";"À´";17
"4344";"À³Ê¿";1
"4345";"À¸Ä¿";1
"4346";"À¶Í¼";2
"4347";"ÀÍ¶¯ºÏÍ¬";1
"4348";"ÀÖ¹Û";4
"4349";"ÀÖÓÚ";12
"4350";"ÁË";1
"4351";"ÁË½â";58
"4352";"Àà";5
"4353";"Àà±ð";201
"4354";"ÀàËÆ";7
"4355";"ÀàÐÍ";2
"4356";"Àä¾²";1
"4357";"ÀëÖ°";1
"4358";"Àí½â";22
"4359";"Àí½âÁ¦";1
"4360";"Àí½âÄÜÁ¦";10
"4361";"ÀíÂÛ";8
"4362";"ÀíÄî";1
"4363";"ÀíÏë";4
"4364";"Á¦Á¿";1
"4365";"Á¦Ç¿";2
"4366";"ÀúÊ·";2
"4367";"Á¢·½Ìå";1
"4368";"ÀûÒæ";2
"4369";"ÀûÓÃ";7
"4370";"ÁªÏµ";3
"4371";"ÁªÏµµç»°";2
"4372";"ÁªÏµÈË";1
"4373";"Á´½Ó";4
"4374";"Á¼ºÃ";166
"4375";"Á½¸ö";5
"4376";"Á½Äê";4
"4377";"Á¿»¯";1
"4378";"ÁãÊÛ";3
"4379";"Áìµ¼";5
"4380";"Áìµ¼Á¦";6
"4381";"Áìµ¼Õß";1
"4382";"ÁìÏÈ";1
"4383";"ÁìÓò";23
"4384";"ÁíÍâ";2
"4385";"Á÷";13
"4386";"Á÷³©";1
"4387";"Á÷³Ì";35
"4388";"Á÷³ÌÍ¼";1
"4389";"Á÷Àû";12
"4390";"Á÷Í¨";1
"4391";"Â©¶´";1
"4392";"Â½¼Ò×ì";2
"4393";"Â¼Èë";8
"4394";"Â¼ÖÆ";1
"4395";"Â·ÏßÍ¼";1
"4396";"Â·ÓÉÆ÷";2
"4397";"äÈ¡";1
"4398";"ÂÛÌ³";1
"4399";"ÂÛÖ¤";2
"4400";"Âß¼­";9
"4401";"Âß¼­Ë¼Î¬";14
"4402";"Âß¼­ÐÔ";1
"4403";"ÂäµØ";1
"4404";"ÂäÊµ";1
"4405";"Âë";1
"4406";"Âð";4
"4407";"ÂúÒâ";4
"4408";"ÂúÒâ¶È";11
"4409";"Âú×ã";4
"4410";"Ã«Àû";1
"4411";"Ã³Ò×";1
"4412";"Ã½Ìå";2
"4413";"Ã¿¸ö";1
"4414";"Ã¿ÈÕ";2
"4415";"Ã¿ÖÜ";1
"4416";"éT";1
"4417";"ÃÇ";2
"4418";"ÃÜÂë";1
"4419";"ÃÜÇÐ";1
"4420";"ÃÜÇÐ¹ØÏµ";1
"4421";"ÃÜÇÐºÏ×÷";3
"4422";"ÃæÊÔ";1
"4423";"ÃæÏò";6
"4424";"ÃæÏò¶ÔÏó";6
"4425";"ÃæÏò¶ÔÏó·ÖÎö";14
"4426";"ÃèÊö";23
"4427";"Ãô¸Ð";2
"4428";"Ãô½Ý";18
"4429";"ÃôÈñ";6
"4430";"Ãû³Æ";1
"4431";"Ã÷È·";2
"4432";"Ä£°å";5
"4433";"Ä£¿é";28
"4434";"Ä£¿é»¯";1
"4435";"Ä£Ê½";9
"4436";"Ä£ÐÍ";1
"4437";"Ä³";1
"4438";"Ä³Ò»";1
"4439";"Ä¿±ê";24
"4440";"Ä¿µÄ";1
"4441";"Ä¿Ç°";1
"4442";"ÄÍÐÄ";5
"4443";"ÄÏ²à";1
"4444";"ÄÑÌâ";1
"4445";"ÄÚ";9
"4446";"ÄÚ°ü";1
"4447";"ÄÚ²¿";25
"4448";"ÄÚ²â";2
"4449";"ÄÚÇýÁ¦";1
"4450";"ÄÚÈÝ";25
"4451";"ÄÚÍâ²¿";1
"4452";"ÄÜ";89
"4453";"ÄÜ¶¯ÐÔ";1
"4454";"ÄÜ¹»";86
"4455";"ÄÜÁ¦";305
"4456";"ÄÜÓÃ";4
"4457";"Äâ¶¨";1
"4458";"ÄâÐ´";1
"4459";"Äã";2
"4460";"Äæ¾³";2
"4461";"Äê";124
"4462";"Äê¶È";3
"4463";"ÄêÁä";1
"4464";"ÄêÏÞ";4
"4465";"ÄêÖÕ";6
"4466";"Äú";16
"4467";"Äþº£";1
"4468";"Å¬Á¦";1
"4469";"Å·ÃÀ";1
"4470";"Å·ÖÞ";1
"4471";"ÅÄÉã";1
"4472";"ÅÅ³ý";1
"4473";"ÅÉÇ²";1
"4474";"ÅÐ¶ÏÁ¦";2
"4475";"ÅàÑµ";52
"4476";"ÅàÑµ½Ì²Ä";4
"4477";"ÅàÑø";9
"4478";"ÅäºÏ";30
"4479";"ÅäÖÃ";23
"4480";"ÅäÖÃ¹ÜÀí";1
"4481";"Æ¬Çø";4
"4482";"Æµ¶È";1
"4483";"Æ·ÅÆ";2
"4484";"Æ½Ì¨";55
"4485";"ÆÀ¹À";17
"4486";"ÆÀ¼Û";1
"4487";"Æ»¹û";1
"4488";"Æ¾Ö¤";1
"4489";"ÆÌÊÐ";1
"4490";"ÆÖ¶«";4
"4491";"ÆÕÍ¨";2
"4492";"ÆÕÍ¨»°";4
"4493";"ÆÕÍÓÇø";1
"4494";"ÆÚ´ý";5
"4495";"ÆÚÍû";5
"4496";"Æä";3
"4497";"ÆäËû";39
"4498";"ÆäËü";6
"4499";"ÆäÖÐ";5
"4500";"Æó»®";1
"4501";"Æó¼°";1
"4502";"ÆóÒµ";48
"4503";"ÆóÒµ¼¶";8
"4504";"ÆóÒµÓ¦ÓÃ";2
"4505";"Æð²Ý";1
"4506";"Æû³µ";1
"4507";"Ç¨ÒÆ";4
"4508";"Ç©¶©";2
"4509";"Ç©Êð";1
"4510";"Ç°¶Ë";6
"4511";"Ç°¶Ë¿ª·¢";2
"4512";"Ç°ºó";2
"4513";"Ç°ÆÚ";1
"4514";"Ç°ÆÚ¹¤×÷";1
"4515";"Ç±Á¦";1
"4516";"Ç±ÔÚ";3
"4517";"Ç¿";77
"4518";"Ç¿´ó";4
"4519";"Ç¿»¯";6
"4520";"Ç¿ÁÒ";11
"4521";"Ç¿µ÷";1
"4522";"Ç¿Îª¼Ñ";1
"4523";"Ç¿ÓÐÁ¦";1
"4524";"Ç¿Õß";1
"4525";"ÇÒ";4
"4526";"ÇÚ·Ü";1
"4527";"ÇåÀí";6
"4528";"ÇåÎú";16
"4529";"Çé±¨";1
"4530";"Çé¿ö";16
"4531";"ÇëÇó";1
"4532";"Çó";1
"4533";"ÇóÈË";2
"4534";"ÇøÓò";2
"4535";"Çý¶¯";7
"4536";"Ç÷ÊÆ";7
"4537";"ÇþµÀ";9
"4538";"È¡µÃ";2
"4539";"È¡µÃ³É¹¦";1
"4540";"È¥";2
"4541";"È¨Òæ";1
"4542";"È«";4
"4543";"È«²¿";3
"4544";"È«³Ì";2
"4545";"È«¹ý³Ì";5
"4546";"È«Ãæ";11
"4547";"È«ÃæÊµÊ©";7
"4548";"È«Çò";6
"4549";"È«ÈÕÖÆ";8
"4550";"È·±£";29
"4551";"È·¶¨";4
"4552";"È·ÈÏ";2
"4553";"ÈÈ°®";6
"4554";"ÈÈÄÜ";1
"4555";"ÈÈÇé";13
"4556";"ÈÈÏß";1
"4557";"ÈË";13
"4558";"ÈË²Å";3
"4559";"ÈË¹¤ÖÇÄÜ";1
"4560";"ÈË»ú";1
"4561";"ÈË¼Ê¹µÍ¨";3
"4562";"ÈË¼Ê¹ØÏµ";1
"4563";"ÈË¼Ê½»Íù";1
"4564";"ÈËÁ¦×ÊÔ´";4
"4565";"ÈËÊ¿";1
"4566";"ÈËÔ±";33
"4567";"ÈÏ¿É";4
"4568";"ÈÏÕæ";2
"4569";"ÈÏÕæ¸ºÔð";16
"4570";"ÈÏÕæÏ¸ÖÂ";1
"4571";"ÈÏÖ¤";18
"4572";"ÈÎºÎ";2
"4573";"ÈÎÎñ";14
"4574";"ÈÎÖ°";66
"4575";"ÈÕ";1
"4576";"ÈÕ±¾";2
"4577";"ÈÕ³£";31
"4578";"ÈÕ·½";3
"4579";"ÈÕÆó";3
"4580";"ÈÕÓï";9
"4581";"ÈÕÖÐ";1
"4582";"ÈÕ×Ê";2
"4583";"Èç";21
"4584";"Èç¹û";1
"4585";"ÈçºÎ";1
"4586";"ÈçÏÂ";2
"4587";"Èë";1
"4588";"ÈëÖ°";2
"4589";"Èí¼þ";160
"4590";"Èí¼þ²âÊÔ";5
"4591";"Èí¼þ²úÆ·";1
"4592";"Èí¼þ¹¤³Ì";14
"4593";"Èí¼þ¿ª·¢";29
"4594";"Èí¼þÉè¼Æ";2
"4595";"Èí¼þÏµÍ³";4
"4596";"ÈíÓ²¼þ";2
"4597";"Èý·ÖÖ®Ò»";2
"4598";"Èý¸ö";2
"4599";"ÈýÄê";8
"4600";"É¸Ñ¡";6
"4601";"ÉÆÓÚ";43
"4602";"ÉÌ";1
"4603";"ÉÌ³Ç";1
"4604";"ÉÌ»ú";9
"4605";"ÉÌÎñ";10
"4606";"ÉÌÎñÂÃÐÐ";7
"4607";"ÉÌÎñÌ¸ÅÐ";3
"4608";"ÉÌÎñÐÅÏ¢";2
"4609";"ÉÌÒµ";5
"4610";"ÉÌÒµ»ú»á";1
"4611";"ÉÌÒµÈí¼þ";2
"4612";"ÉÌÒµÏµÍ³";1
"4613";"ÉÌÒµÐÅÏ¢";1
"4614";"ÉÌÒµÖÇÄÜ";4
"4615";"ÉÏ";4
"4616";"ÉÏº£";12
"4617";"ÉÏº£ÊÐ";1
"4618";"ÉÏº£ÊÐÆÖ¶«ÐÂÇø";1
"4619";"ÉÏ¼¶";1
"4620";"ÉÏ½øÐÄ";7
"4621";"ÉÏÊÐ¹«Ë¾";2
"4622";"ÉÏÊö";1
"4623";"ÉÏÏß";20
"4624";"Éè±¸";3
"4625";"Éè¶¨";1
"4626";"Éè¼Æ";110
"4627";"Éè¼Æ·½°¸";3
"4628";"Éè¼ÆÄ£Ê½";7
"4629";"Éè¼ÆÊ¦";3
"4630";"ÉèÁ¢";2
"4631";"ÉèÖÃ";1
"4632";"Éç½»";2
"4633";"Éæ¼°";1
"4634";"Éî¶È";1
"4635";"ÉîÈë";12
"4636";"ÉîÛÚ";7
"4637";"Ê²Ã´Ñù";6
"4638";"Éó²é";4
"4639";"ÉóºË";3
"4640";"ÉóÔÄ";1
"4641";"Éý¼¶";2
"4642";"Éú²ú";3
"4643";"Éú²úÂÊ";1
"4644";"Éú³É";1
"4645";"Éú»î";2
"4646";"ÉúÃüÖÜÆÚ";8
"4647";"ÉúÎï¹¤³Ì";1
"4648";"ÉúÎïÖÆÒ©";1
"4649";"Ê¤ÈÎ";10
"4650";"Ê¯¾°É½";1
"4651";"Ê±";1
"4652";"Ê±¼ä";7
"4653";"Ê±¼ä±í";1
"4654";"Ê±ÉÐ";6
"4655";"Ê¶±ð";6
"4656";"ÊµµØ";2
"4657";"Êµ¼Ê";14
"4658";"Êµ¼ù";6
"4659";"Êµ¼ù¾­Ñé";1
"4660";"ÊµÊ©";229
"4661";"ÊµÊ©·½°¸";1
"4662";"ÊµÌå";10
"4663";"ÊµÏ°";2
"4664";"ÊµÏ°Éú";1
"4665";"ÊµÏÖ";20
"4666";"ÊµÏÖÄ¿±ê";1
"4667";"Ê³Æ·";1
"4668";"Ê¹";1
"4669";"Ê¹ÓÃ";57
"4670";"ÊÐ³¡";53
"4671";"ÊÐ³¡²¿";2
"4672";"ÊÐ³¡¶¯Ì¬";13
"4673";"ÊÐ³¡ÍÆ¹ã";1
"4674";"ÊÐ³¡ÐèÇó";1
"4675";"ÊÐ³¡ÓªÏú";20
"4676";"ÊÐ³¡ÔË×÷";1
"4677";"ÊÂ¼þ";1
"4678";"ÊÂ¼þ´¦Àí";1
"4679";"ÊÂÎñ";10
"4680";"ÊÂÎï";5
"4681";"ÊÂÏî";3
"4682";"ÊÂÒµÐÄ";6
"4683";"ÊÓÆµ";4
"4684";"ÊÓÍ¼";9
"4685";"ÊÇ";16
"4686";"ÊÊµ±";6
"4687";"ÊÊÊ±";1
"4688";"ÊÊÓ¦";18
"4689";"ÊÊÓ¦ÄÜÁ¦";6
"4690";"ÊÕµ½";1
"4691";"ÊÕ¼¯";10
"4692";"ÊÖ²á";1
"4693";"ÊÖ¶Î";2
"4694";"ÊÖ»ú";2
"4695";"ÊÛºó";6
"4696";"ÊÛºó·þÎñ";5
"4697";"ÊÛÇ°";42
"4698";"ÊéÃæ";18
"4699";"ÊéÃæÓïÑÔ";1
"4700";"ÊéÐ´";2
"4701";"ÊáÀí";8
"4702";"ÊæÊÊ";1
"4703";"Êä³ö";2
"4704";"ÊäÈë";3
"4705";"ÊìÁ·";57
"4706";"ÊìÁ·ÕÆÎÕ";42
"4707";"ÊìÏ¤";244
"4708";"Êý¾Ý";60
"4709";"Êý¾Ý°ü";1
"4710";"Êý¾Ý±¸·Ý";1
"4711";"Êý¾Ý´¦Àí";7
"4712";"Êý¾Ý·ÖÎö";7
"4713";"Êý¾Ý¹ÜÀí";2
"4714";"Êý¾Ý½á¹¹";2
"4715";"Êý¾Ý¿â";76
"4716";"Êý¾Ý¿âÏµÍ³";2
"4717";"Êý¾ÝÁ¿";2
"4718";"Êý¾ÝÁ÷";1
"4719";"Êý¾ÝÄ£ÐÍ";3
"4720";"Êý¾ÝÍÚ¾ò";1
"4721";"Êý¾ÝÏµÍ³";2
"4722";"Êý¾ÝÔ´";1
"4723";"Êý¾ÝÖÐÐÄ";4
"4724";"Êý¾Ý×ÊÁÏ";1
"4725";"Êý×Ö";3
"4726";"Êý×Ö»¯";1
"4727";"Ë«·½";1
"4728";"Ë«Ð½";6
"4729";"Ë«ÐÝ";9
"4730";"Ë®Æ½";12
"4731";"Ë³³©";5
"4732";"Ë³Àû";2
"4733";"Ëµ";2
"4734";"ËµÃ÷";1
"4735";"ËµÃ÷Êé";9
"4736";"Ë¼¿¼";3
"4737";"Ë¼Â·";9
"4738";"Ë¼Â·ÇåÎú";4
"4739";"Ë¼Î¬";10
"4740";"Ë¼Ïë";2
"4741";"ËÄ´ó";1
"4742";"ËÄ¼¶";7
"4743";"ËÄÄê";4
"4744";"ËÑ¼¯";1
"4745";"ËÑË÷";1
"4746";"ËÑË÷ÒýÇæ";1
"4747";"ËØÑø";1
"4748";"ËØÖÊ";5
"4749";"ËæÊ±";2
"4750";"Ëù";13
"4751";"ËùÓÐ";8
"4752";"Ë÷Òý";2
"4753";"ËûÈË";2
"4754";"Ì¤Êµ";1
"4755";"Ì¬¶È";1
"4756";"Ì©¿Ë";2
"4757";"Ì¸ÅÐ";10
"4758";"Ì½Ë÷";1
"4759";"ÌÖÂÛ";4
"4760";"ÌØµã";9
"4761";"ÌØ¶¨";1
"4762";"ÌØÊâ";2
"4763";"ÌØÐÔ";2
"4764";"Ìá³ö";15
"4765";"Ìá¸ß";12
"4766";"Ìá¹©";71
"4767";"Ìá¹©Êý¾Ý";1
"4768";"Ìá½»";1
"4769";"ÌáÁ¶";2
"4770";"ÌáÉý";3
"4771";"ÌåÏµ";22
"4772";"ÌåÑé";2
"4773";"Ìæ´ú";2
"4774";"Ìì";1
"4775";"ÌôÕ½";6
"4776";"ÌôÕ½ÐÔ";5
"4777";"Ìõ¼þÕß";1
"4778";"ÌõÀíÇåÎú";4
"4779";"µ÷";1
"4780";"µ÷²é";2
"4781";"µ÷¶¯";1
"4782";"µ÷Åä";1
"4783";"µ÷ÊÔ";3
"4784";"µ÷ÑÐ";26
"4785";"µ÷ÓÃ";1
"4786";"µ÷ÓÅ";7
"4787";"µ÷Õû";7
"4788";"Ìù";1
"4789";"Ìý";2
"4790";"ÌýËµ¶ÁÐ´";5
"4791";"Í¨µÀ";1
"4792";"Í¨¹ý";44
"4793";"Í¨ÐÅ";2
"4794";"Í¬µÈ";3
"4795";"Í¬ÐÐÒµ";1
"4796";"Í¬Àà";1
"4797";"Í¬Ê±";3
"4798";"Í³³ï";1
"4799";"Í³¼Æ";7
"4800";"Í³¼Æ·ÖÎö";3
"4801";"Í³Ò»";2
"4802";"Í´µã";1
"4803";"Í¶Èë²ú³ö";1
"4804";"Í¶×Ê";3
"4805";"Í¸ÊÓ";1
"4806";"Í»³ö";2
"4807";"Í»·¢ÊÂ¼þ";1
"4808";"Í¼ÎÄ";1
"4809";"ÍÅ¶Ó";163
"4810";"ÍÅ¶Ó¾«Éñ";6
"4811";"ÍÆ³ö";1
"4812";"ÍÆ¶¯";5
"4813";"ÍÆ¹ã";17
"4814";"ÍÆ¼ö";1
"4815";"ÍÆ¼ö½±";2
"4816";"ÍÆ½ø";15
"4817";"Í×ÉÆ";2
"4818";"ÍØÕ¹";7
"4819";"ÍÚ¾ò";8
"4820";"Íâ°ü";5
"4821";"Íâ²¿";11
"4822";"ÍâÅÉ";1
"4823";"ÍâÆó";3
"4824";"ÍâÎ§";2
"4825";"Íâ×Ê";2
"4826";"Íê³É";95
"4827";"ÍêÉÆ";7
"4828";"ÍêÕû";9
"4829";"Íò´ï";1
"4830";"Íø¹ÜÈí¼þ";1
"4831";"ÍøÂç";7
"4832";"ÍøÂç¹ÜÀí";2
"4833";"ÍøÂçÆ½Ì¨";3
"4834";"ÍøÂçÉè±¸";1
"4835";"ÍøÂçÍ¨ÐÅ";2
"4836";"ÍøÂçÓªÏú";1
"4837";"ÍøÒ³";3
"4838";"ÍøÕ¾";8
"4839";"Î£»ú";1
"4840";"Î¢";2
"4841";"Î¢²¨";1
"4842";"Î¢´´";2
"4843";"Î¢Èí";125
"4844";"Î¢ÐÅ";210
"4845";"Î¢ÐÅ¶Ë";2
"4846";"Îª";54
"4847";"Îª¼Ñ";1
"4848";"ÎªÁË";2
"4849";"ÎªÈËÕýÖ±";8
"4850";"ÎªÖ÷";1
"4851";"Î§ÈÆ";1
"4852";"Î¬";1
"4853";"Î¬³Ö";2
"4854";"Î¬»¤";51
"4855";"Î¬Ïµ";1
"4856";"Î¬ÐÞ";1
"4857";"Î´À´";2
"4858";"Î»ÓÚ";1
"4859";"ÎÄµµ";67
"4860";"ÎÄ¼þ";2
"4861";"ÎÄÊé";1
"4862";"ÎÄÏ×";4
"4863";"ÎÄÔ±";1
"4864";"ÎÄÕÂ";12
"4865";"ÎÄ×Ö";3
"4866";"ÎÈ¶¨";8
"4867";"ÎÈ¶¨ÐÔ";3
"4868";"ÎÈÖØ";1
"4869";"ÎÊÌâ";75
"4870";"ÎÒÃÇ";19
"4871";"ÎÞÏßµç";1
"4872";"Îå";1
"4873";"ÎåÄê";1
"4874";"ÎåÏÕ";2
"4875";"Îäºº";1
"4876";"ÎïÁ÷";4
"4877";"ÎïÒµ";1
"4878";"ÎüÊÕÄÜÁ¦";2
"4879";"Ï£Íû";2
"4880";"Ï°¹ß";16
"4881";"Ïµ";1
"4882";"ÏµÍ³";253
"4883";"ÏµÍ³°²È«";1
"4884";"ÏµÍ³¶Ô";1
"4885";"ÏµÍ³·ÖÎö";10
"4886";"ÏµÍ³·ÖÎöÔ±";3
"4887";"ÏµÍ³¹ÜÀí";1
"4888";"ÏµÍ³¹ÜÀíÔ±";1
"4889";"ÏµÍ³ºËÐÄ";1
"4890";"ÏµÍ³¼¯³É";3
"4891";"ÏµÍ³ÅäÖÃ";15
"4892";"ÏµÍ³ÊµÊ©";24
"4893";"ÏµÍ³Î¬»¤";2
"4894";"ÏµÍ³ÓÅ»¯";2
"4895";"Ï¸»¯";1
"4896";"Ï¸½Ú";6
"4897";"Ï¸ÖÂ";1
"4898";"ÏÂ";21
"4899";"ÏÂ´ï";3
"4900";"ÏÂÊô";1
"4901";"ÏÕ";1
"4902";"ÏÖ³¡";20
"4903";"ÏÖ´ú";1
"4904";"ÏÖÓÐ";14
"4905";"ÏÖ×´";1
"4906";"ÏÞ¶È";6
"4907";"ÏÞÓÚ";6
"4908";"Ïß";4
"4909";"ÏßÉÏ";4
"4910";"ÏßÖÐ";1
"4911";"Ïà¹Ø";158
"4912";"Ïà¹ØÕß";1
"4913";"ÏàÓ¦";9
"4914";"ÏêÏ¸";9
"4915";"Ïí";1
"4916";"ÏìÓ¦";5
"4917";"Ïë·¨";2
"4918";"ÏëÒª";1
"4919";"Ïò";14
"4920";"ÏîÄ¿";229
"4921";"ÏîÄ¿¹ÜÀí";39
"4922";"ÏîÄ¿¾­Àí";34
"4923";"ÏîÄ¿×é";4
"4924";"Ïû·ÑÆ·";1
"4925";"Ïû·ÑÕß";2
"4926";"ÏûÏ¢";4
"4927";"Ïú";1
"4928";"ÏúÆ·";1
"4929";"ÏúÊÛ";159
"4930";"ÏúÊÛ²ßÂÔ";7
"4931";"ÏúÊÛ¼Û¸ñ";1
"4932";"ÏúÊÛÖ÷¹Ü";2
"4933";"Ð¡";1
"4934";"Ð¡ÐÍ";4
"4935";"Ð¡ÐÍ»ú";2
"4936";"Ð£Ñé";1
"4937";"Ð£×¼";1
"4938";"Ð§¹û";2
"4939";"Ð§ÂÊ";2
"4940";"Ð§ÄÜ";1
"4941";"Ð­µ÷";25
"4942";"Ð­Í¬";2
"4943";"Ð­Òé";1
"4944";"Ð­Öú";27
"4945";"Ð­×÷";36
"4946";"Ð´";2
"4947";"Ð´×÷ÄÜÁ¦";1
"4948";"ÐÄÀíËØÖÊ";1
"4949";"ÐÄÌ¬";4
"4950";"ÐÂ";46
"4951";"ÐÂ½¨";2
"4952";"ÐÂÈË";8
"4953";"ÐÂÏÊ";4
"4954";"Ð½×Ê";2
"4955";"ÐÅ";2
"4956";"ÐÅºÅ";1
"4957";"ÐÅÏ¢";21
"4958";"ÐÅÏ¢´¦Àí";1
"4959";"ÐÅÏ¢¹ÜÀí";11
"4960";"ÐÅÏ¢»¯";8
"4961";"ÐÅÏ¢¼¼Êõ";10
"4962";"ÐÅÏ¢ÏµÍ³";16
"4963";"ÐÅÐÄ";4
"4964";"ÐÎ³É";5
"4965";"ÐÎÊ½";2
"4966";"ÐÍ";7
"4967";"ÐËÈ¤";1
"4968";"ÐËÍú";1
"4969";"ÐÔ";1
"4970";"ÐÔ±ð";1
"4971";"ÐÔ¸ñ";2
"4972";"ÐÔ¸ñ¿ªÀÊ";2
"4973";"ÐÔÄÜ";14
"4974";"ÐÔÄÜÖ¸±ê";1
"4975";"ÐÞ¶©";7
"4976";"ÐÞ¸´";3
"4977";"ÐÞ¸Ä";7
"4978";"ËÞÉá";1
"4979";"Ðë";1
"4980";"ÐéÄâ»¯";1
"4981";"ÐéÄâ»ú";1
"4982";"Ðè";13
"4983";"ÐèÄÜ";1
"4984";"ÐèÇó";162
"4985";"ÐèÒª";29
"4986";"ÐìÏÈÉú";2
"4987";"Ñ¡ÐÍ";1
"4988";"Ñ¡Ôñ";3
"4989";"Ñ§»á";1
"4990";"Ñ§Àú";2
"4991";"Ñ§Éú";1
"4992";"Ñ§Ê¿Ñ§Î»";2
"4993";"Ñ§Ï°";65
"4994";"Ñ§Ôº";1
"4995";"ÑªÒºÖÆÆ·";1
"4996";"Ñ°Çó";7
"4997";"Ñ°ÕÒ";2
"4998";"Ñ²¼ì";1
"4999";"Ñ¸ËÙ";1
"5000";"Ñ¹Á¦";32
"5001";"ÑÏ¸ñ×ñÊØ";2
"5002";"ÑÏ½÷";3
"5003";"ÑÔÓï";1
"5004";"ÑÐ·¢";16
"5005";"ÑÐ¾¿";8
"5006";"ÑÐÌÖ»á";1
"5007";"ÑÝ½²";5
"5008";"ÑÝÁ·";1
"5009";"ÑÝÊ¾";17
"5010";"ÑéÊÕ";5
"5011";"ÑéÖ¤";7
"5012";"Òªµã";1
"5013";"ÒªÇó";135
"5014";"Ò²";4
"5015";"Òµ¼¨";16
"5016";"ÒµÎñ";95
"5017";"ÒµÎñ²¿ÃÅ";2
"5018";"ÒµÎñ·¶Î§";1
"5019";"ÒµÎñÁ÷³Ì";23
"5020";"ÒµÎñÖªÊ¶";7
"5021";"Ò³Ãæ";3
"5022";"Ò»";1
"5023";"Ò»µ½";4
"5024";"Ò»¶¨";36
"5025";"Ò»¸ö";15
"5026";"Ò»¼¶";1
"5027";"Ò»¼Ò";4
"5028";"Ò»½ð";1
"5029";"Ò»¿î";7
"5030";"Ò»Äê";14
"5031";"Ò»Æð";3
"5032";"Ò»Í¬";1
"5033";"Ò»ÏµÁÐ";1
"5034";"Ò»Ïß";1
"5035";"Ò»Ð©";3
"5036";"Ò»Ô±";3
"5037";"Ò»ÖÖ";3
"5038";"Ò½ÁÆ";1
"5039";"Ò½Ñ§";1
"5040";"ÒÀ¾É";2
"5041";"ÒÀ¾Ý";5
"5042";"ÒÀÀµ";1
"5043";"ÒÇ±í";5
"5044";"ÒÇÆ÷";3
"5045";"ÒÇÆ÷ÒÇ±í";1
"5046";"ÒÆ¶¯";9
"5047";"ÒÉÄÑÎÊÌâ";3
"5048";"ÒÑ";1
"5049";"ÒÔ";33
"5050";"ÒÔ´Ë";1
"5051";"ÒÔ¼°";51
"5052";"ÒÔÉÏ";129
"5053";"ÒÔÉÏÑ§Àú";58
"5054";"ÒÔÏÂ";1
"5055";"Òì²½";2
"5056";"Ò×";1
"5057";"Ò×ÓÃÐÔ";1
"5058";"Ò×ÓÚ";1
"5059";"ÒâÊ¶";10
"5060";"ÒâÏò";2
"5061";"ÒâÔ¸";2
"5062";"ÒòÎª";3
"5063";"ÒøÐÐ";1
"5064";"ÒøÐÐÒµÎñ";1
"5065";"Òýµ¼";2
"5066";"Ó¢ÎÄ";22
"5067";"Ó¢Óï";53
"5068";"Ó¢Óï¿ÚÓï";4
"5069";"Óª";4
"5070";"ÓªÏú";34
"5071";"ÓªÏúÕß";1
"5072";"Ó®";1
"5073";"Ó®µ¥";1
"5074";"Ó®µÃ";1
"5075";"Ó°Ïì";2
"5076";"Ó¦±äÄÜÁ¦";1
"5077";"Ó¦´ð";1
"5078";"Ó¦½ì";2
"5079";"Ó¦Æ¸";1
"5080";"Ó¦ÊÕ";6
"5081";"Ó¦ÓÃ";50
"5082";"Ó¦ÓÃ³ÌÐò";8
"5083";"Ó¦ÓÃ»·¾³";1
"5084";"Ó¦ÓÃÈí¼þ";1
"5085";"Ó²¼þ";2
"5086";"Ó²ÐÔ";1
"5087";"ÓµÓÐ";11
"5088";"ÓÃ»§";40
"5089";"ÓÃ»§ÊÖ²á";6
"5090";"ÓÃÓÑ";1
"5091";"ÓÅ";1
"5092";"ÓÅ»¯";46
"5093";"ÓÅ»ÝÈ¯";1
"5094";"ÓÅÏÈ";203
"5095";"ÓÅÐã";31
"5096";"ÓÅÐãÕß";2
"5097";"ÓÅÖÊ";1
"5098";"ÏÈ";1
"5099";"ÓÉÊ¼ÖÁÖÕ";1
"5100";"ÓÊ¼þ";203
"5101";"ÓÊ¼þÏµÍ³";1
"5102";"ÓÊÏä";1
"5103";"ÓÐ";276
"5104";"ÓÐ´ó";2
"5105";"ÓÐ¹Ø";12
"5106";"ÓÐ¹ý";3
"5107";"ÓÐÌõÀí";2
"5108";"ÓÐÏÞ";1
"5109";"ÓÐÏÞ¹«Ë¾";2
"5110";"ÓÐÐ§";25
"5111";"ÓÐÐ§ÂÊ";4
"5112";"ÓÐ×Å";1
"5113";"ÓÖ";1
"5114";"ÓÚ";5
"5115";"ÓÚÎ¢Èí";1
"5116";"Óë";162
"5117";"Óï¾ä";3
"5118";"ÓïÑÔ";40
"5119";"ÓïÑÔ±í´ï";4
"5120";"ÓïÒå";1
"5121";"ÓïÒô";1
"5122";"Ô¤²â";4
"5123";"Ô¤·À";1
"5124";"Ô¤Ëã";26
"5125";"Óò";2
"5126";"ÓûÍû";1
"5127";"Óöµ½";3
"5128";"Ô±¹¤";4
"5129";"Ô­Àí";7
"5130";"Ô­Éú";1
"5131";"Ô­Ê¼";1
"5132";"Ô­ÐÍ";6
"5133";"Ô´´úÂë";2
"5134";"Ô¶´ó";1
"5135";"Ô¸Òâ";2
"5136";"ÔÂ";4
"5137";"ÔÄ¶Á";18
"5138";"ÔÁÓï";1
"5139";"ÔÆ";2
"5140";"ÔÆ¶Ë";1
"5141";"ÔÆ¼ÆËã";22
"5142";"ÔË";1
"5143";"ÔËÐÐ";16
"5144";"ÔËÎ¬";9
"5145";"ÔËÎ¬¼°";1
"5146";"ÔËÓª";19
"5147";"ÔËÓÃ";3
"5148";"ÔË×ª";1
"5149";"ÔË×÷";5
"5150";"ÔÚ";65
"5151";"ÔÚÏß";2
"5152";"ÔÚÓÚ";1
"5153";"ÔðÈÎ";1
"5154";"ÔðÈÎ¸Ð";7
"5155";"ÔðÈÎÐÄ";15
"5156";"ÔúÊµ";9
"5157";"ÕªÒª";1
"5158";"Õ¹»á";2
"5159";"Õ¹Ê¾";3
"5160";"Õ½ÂÔ";4
"5161";"Õ¾";1
"5162";"Õ¾µã";1
"5163";"ÕÅÑïÂ·";1
"5164";"³¤ÆÚ";5
"5165";"ÕÆÎÕ";25
"5166";"ÕÆÎÕÒµÎñ";1
"5167";"ÕËµ¥";1
"5168";"ÕËºÅ";2
"5169";"ÕË¿î";6
"5170";"ÕÐÄ¼";6
"5171";"ÕÐÆ¸";4
"5172";"ÕÒµ½";1
"5173";"Õß";94
"5174";"Õâ";1
"5175";"ÕâÊÇ";1
"5176";"ÕâÐ©";2
"5177";"Õë¶Ô";8
"5178";"Õï¶Ï";1
"5179";"ÕùÈ¡";6
"5180";"Õû¸ö";4
"5181";"ÕûºÏ";14
"5182";"ÕûÀí";9
"5183";"ÕûÌå";7
"5184";"Õý³£";5
"5185";"ÕýÔÚ";4
"5186";"ÕýÖ±";2
"5187";"Ö¤Êé";7
"5188";"Õþ²ß";2
"5189";"Ö®";1
"5190";"Ö®¼ä";1
"5191";"Ö§³Å";5
"5192";"Ö§³Ö";42
"5193";"Ö§³ÖÏµÍ³";1
"5194";"Ö§³ö";1
"5195";"ÖªµÀ";1
"5196";"ÖªÊ¶";30
"5197";"ÖªÏþ";1
"5198";"Ö´ÐÐ";22
"5199";"Ö´ÐÐÁ¦";7
"5200";"Ö±½Ó";4
"5201";"Ö±Ïú";3
"5202";"Ö°ÄÜ";209
"5203";"Ö°Ê±";1
"5204";"Ö°Î»";62
"5205";"Ö°Îñ";1
"5206";"Ö°Òµ";13
"5207";"Ö°ÒµµÀµÂ";3
"5208";"Ö°Ôð";23
"5209";"Ö°Õß";1
"5210";"Ö½ÖÊ";1
"5211";"Ö¸±ê";2
"5212";"Ö¸µ¼";17
"5213";"Ö¸µ¼·½Õë";2
"5214";"Ö¸¶¨";2
"5215";"Ö¸Ã÷·½Ïò";1
"5216";"Ö¸Òý";5
"5217";"ÖÁÉÙ";33
"5218";"ÖÆ";1
"5219";"ÖÆ¶©";1
"5220";"ÖÆ¶¨";15
"5221";"ÖÆ¶È";1
"5222";"ÖÆ»¯";1
"5223";"ÖÆÔì";3
"5224";"ÖÆÔìÒµ";1
"5225";"ÖÆ×÷";5
"5226";"ÖÊÁ¿";8
"5227";"ÖÂÁ¦";1
"5228";"ÖÂÁ¦ÓÚ";2
"5229";"ÖÐ";28
"5230";"ÖÐµÄ";1
"5231";"ÖÐ¹ú";4
"5232";"ÖÐ¹úÇø";1
"5233";"ÖÐ¼®";1
"5234";"ÖÐÐÄ";11
"5235";"ÖÐÐÍ";1
"5236";"ÖÒ³Ï¶È";3
"5237";"ÖÕ¶Ë";1
"5238";"ÖÕ¶ËÓÃ»§";1
"5239";"ÖÖ";2
"5240";"ÖÚ¶à";1
"5241";"ÖØµã";5
"5242";"ÖØÏÖ";2
"5243";"ÖØÐÂ";1
"5244";"ÖØÒª";4
"5245";"ÖØÖÃ";1
"5246";"ÖÜÄ©";8
"5247";"Ö÷";3
"5248";"Ö÷µ¼";7
"5249";"Ö÷¶¯";2
"5250";"Ö÷¶¯ÐÔ";5
"5251";"Ö÷¹Û";1
"5252";"Ö÷¹Ü";23
"5253";"Ö÷Á÷";18
"5254";"Ö÷Ìâ";1
"5255";"Ö÷Òª";23
"5256";"Ö÷ÒªÖ°Ôð";7
"5257";"ÖúÀí";7
"5258";"ÖúÁ¦";2
"5259";"×¡ËÞ";1
"5260";"×¢ÊÍ";1
"5261";"×¢ÖØ";9
"5262";"×¤";1
"5263";"×¥È¡";1
"5264";"×¨¼Ò";3
"5265";"×¨¿Æ";1
"5266";"×¨Òµ";94
"5267";"×¨Òµ±¾¿Æ";1
"5268";"×¨Òµ»¯";6
"5269";"×¨ÒµÈËÊ¿";1
"5270";"×¨Ô±";20
"5271";"×¨×¢";1
"5272";"";1
"5273";"×ª»»";1
"5274";"×«Ð´";11
"5275";"×°±¸";1
"5276";"×·Çó";5
"5277";"×·×Ù";3
"5278";"×¼±¸";2
"5279";"×¼È·";1
"5280";"×¼È·ÐÔ";1
"5281";"×¼Ê±";1
"5282";"×¿Ô½";5
"5283";"×ÉÑ¯";20
"5284";"×ÉÑ¯·þÎñ";15
"5285";"×ÉÑ¯Ô±";1
"5286";"×Ê¸ñ";32
"5287";"×ÊÁÏ";6
"5288";"×ÊÉî";4
"5289";"×ÊÔ´";6
"5290";"×ÊÖ°";1
"5291";"×Ôµ¼";1
"5292";"×Ô¶¨Òå";5
"5293";"×Ô¶¯»¯";8
"5294";"×Ô¼º";16
"5295";"×Ô¼ö";1
"5296";"×ÔÂÉ";1
"5297";"×ÔÎÒ";6
"5298";"×ÔÎÒ¹ÜÀí";4
"5299";"×ÔÐÅ";2
"5300";"×ÔÑ§ÄÜÁ¦";6
"5301";"×ÔÖ÷";6
"5302";"×ÛºÏ";4
"5303";"×Ü²¿";3
"5304";"×Ü´úÀí";1
"5305";"×Ü¼à";7
"5306";"×Ü½á";5
"5307";"×ã¹»";3
"5308";"×é³ÉÔ±";2
"5309";"×éºÏ";2
"5310";"×éÖ¯";11
"5311";"×éÖ¯Ð­µ÷";1
"5312";"×éÖ¯ÐÔ";1
"5313";"×éÖÐ";1
"5314";"×êÑÐ";3
"5315";"×î";1
"5316";"×î´ó";6
"5317";"×î´ó»¯";1
"5318";"×îºÃ";3
"5319";"×îºÏÊÊ";1
"5320";"×îºó";1
"5321";"×î¾ß";1
"5322";"×îÐÂ";4
"5323";"×îÓÅ";3
"5324";"×îÖÕ";1
"5325";"×ñÊØ";1
"5326";"×óÓÒ";3
"5327";"×÷³ö";6
"5328";"×÷³ö¹±Ï×";1
"5329";"×÷Îª";4
"5330";"×÷Òµ";1
"5331";"×÷Õß";2
"5332";"×ö";2
"5333";"×ö³ö";7
"5334";"×öºÃ";1
"5335";"×öÊÂ";1
